Name,L_gp,R_gp,Thick_gp,SFP_Loc,SFP_Len,Thick_sfp,Oxide_Thick,BV,Leakage_2,Cgd_2,Leakage,Cgg,Cgs,Cds,Cgd,Vti
L_4_R_12_Nb_1_,0.4,1.2,0.2,0.0,0.0,0.0,0.0,199.508,1.236,121.0,-0.001236,1.99e-07,-7.77e-08,3.34e-09,-1.21e-07,-2.827
L_4_R_4_Nb_1_,0.4,0.4,0.2,0.0,0.0,0.0,0.0,85.108,4.601,77.5,-0.004601,1.55e-07,-7.75e-08,2.61e-09,-7.75e-08,-2.827
L_4_R_8_Nb_1_,0.4,0.8,0.2,0.0,0.0,0.0,0.0,133.988,2.623,98.8,-0.002623,1.77e-07,-7.77e-08,2.98e-09,-9.88e-08,-2.802
L_4_R_4_Th_4_Nb_1,0.4,0.4,0.4,0.0,0.0,0.0,0.0,256.868,2.145,75.8,-0.002145,1.53e-07,-7.7e-08,1.86e-09,-7.58e-08,-2.844
L_4_R_2_Th_6_Nb_2_Th4_Len_4_Loc_325,0.4,0.2,0.6,3.25,0.4,0.4,0.0,91.908,4.532,65.0,-0.004532,1.42e-07,-7.68e-08,-3.76e-08,-6.5e-08,-2.845
L_4_R_2_Th_6_Nb_2_Th4_Len_8_Loc_235,0.4,0.2,0.6,2.35,0.8,0.4,0.0,206.548,3.28,63.0,-0.00328,1.46e-07,-8.28e-08,-5.34e-08,-6.3e-08,-2.845
L_4_R_2_Th_6_Nb_2_Th4_Len_12_Loc_235,0.4,0.2,0.6,2.35,1.2,0.4,0.0,108.55,3.205,63.0,-0.003205,1.46e-07,-8.28e-08,-7.73e-08,-6.3e-08,-2.845
L_4_R_2_Th_6_Nb_2_Th6_Len_4_Loc_325,0.4,0.2,0.6,3.25,0.4,0.6,0.0,91.988,4.534,64.9,-0.004534,1.42e-07,-7.68e-08,-3.77e-08,-6.49e-08,-2.845
L_4_R_2_Th_6_Nb_2_Th6_Len_8_Loc_235,0.4,0.2,0.6,2.35,0.8,0.6,0.0,205.108,3.282,63.0,-0.003282,1.47e-07,-8.44e-08,-5.35e-08,-6.3e-08,-2.845
L_4_R_2_Th_2_Nb_1,0.4,0.2,0.2,0.0,0.0,0.0,0.0,70.068,3.483,61.9,-0.003483,1.35e-07,-7.34e-08,-5.31e-11,-6.19e-08,-2.827
L_4_R_2_Th_2_Nb_2_Th2_Len_4_Loc_235,0.4,0.2,0.2,2.35,0.4,0.2,0.0,232.148,2.34,60.1,-0.00234,1.37e-07,-7.65e-08,-3.37e-08,-6.01e-08,-2.827
L_4_R_2_Th_2_Nb_2_Th4_Len_4_Loc_235,0.4,0.2,0.2,2.35,0.4,0.4,0.0,232.148,2.34,60.0,-0.00234,1.37e-07,-7.72e-08,-3.39e-08,-6e-08,-2.827
L_4_R_2_Th_2_Nb_2_Th6_Len_4_Loc_235,0.4,0.2,0.2,2.35,0.4,0.6,0.0,121.908,6.925,60.5,-0.006925,1.38e-07,-7.74e-08,-3.36e-08,-6.05e-08,-2.829
L_4_R_2_Th_2_Nb_2_Th2_Len_4_Loc_265,0.4,0.2,0.2,2.65,0.4,0.2,0.0,186.228,3.029,61.5,-0.003029,1.35e-07,-7.38e-08,-3.52e-08,-6.15e-08,-2.827
L_4_R_2_Th_2_Nb_2_Th4_Len_4_Loc_265,0.4,0.2,0.2,2.65,0.4,0.4,0.0,187.348,3.015,61.5,-0.003015,1.35e-07,-7.39e-08,-3.55e-08,-6.15e-08,-2.827
L_4_R_2_Th_2_Nb_2_Th6_Len_4_Loc_265,0.4,0.2,0.2,2.65,0.4,0.6,0.0,115.668,7.986,61.9,-0.007986,1.36e-07,-7.4e-08,-3.52e-08,-6.19e-08,-2.829
L_4_R_2_Th_2_Nb_2_Th2_Len_4_Loc_295,0.4,0.2,0.2,2.95,0.4,0.2,0.0,132.948,3.408,61.8,-0.003408,1.35e-07,-7.35e-08,-3.59e-08,-6.18e-08,-2.827
L_4_R_2_Th_2_Nb_2_Th4_Len_4_Loc_295,0.4,0.2,0.2,2.95,0.4,0.4,0.0,134.388,3.386,61.8,-0.003386,1.35e-07,-7.35e-08,-3.63e-08,-6.18e-08,-2.827
L_4_R_2_Th_2_Nb_2_Th2_Len_4_Loc_325,0.4,0.2,0.2,3.25,0.4,0.2,0.0,93.508,3.435,61.9,-0.003435,1.35e-07,-7.34e-08,-3.88e-08,-6.19e-08,-2.827
L_4_R_2_Th_2_Nb_2_Th4_Len_4_Loc_325,0.4,0.2,0.2,3.25,0.4,0.4,0.0,95.188,3.146,57.6,-0.003146,1.27e-07,-6.88e-08,-4.21e-08,-5.76e-08,-2.802
L_4_R_2_Th_2_Nb_2_Th2_Len_8_Loc_235,0.4,0.2,0.2,2.35,0.8,0.2,0.0,205.428,2.157,60.1,-0.002157,1.37e-07,-7.65e-08,-5.58e-08,-6.01e-08,-2.827
L_4_R_2_Th_2_Nb_2_Th4_Len_8_Loc_235,0.4,0.2,0.2,2.35,0.8,0.4,0.0,204.628,2.158,60.0,-0.002158,1.37e-07,-7.72e-08,-5.6e-08,-6e-08,-2.827
L_4_R_2_Th_2_Nb_2_Th6_Len_8_Loc_235,0.4,0.2,0.2,2.35,0.8,0.6,0.0,121.908,6.466,60.5,-0.006466,1.38e-07,-7.74e-08,-5.57e-08,-6.05e-08,-2.829
L_4_R_2_Th_2_Nb_2_Th6_Len_8_Loc_265,0.4,0.2,0.2,2.65,0.8,0.6,0.0,98.708,6.78,57.3,-0.00678,1.27e-07,-6.93e-08,-6.13e-08,-5.73e-08,-2.803
L_4_R_2_Th_2_Nb_2_Th6_Len_12_Loc_235,0.4,0.2,0.2,2.35,1.2,0.6,0.0,89.348,6.493,60.5,-0.006493,1.38e-07,-7.74e-08,-7.98e-08,-6.05e-08,-2.829
L_4_R_2_Th_4_Nb_1,0.4,0.2,0.4,0.0,0.0,0.0,0.0,64.948,4.929,64.8,-0.004929,1.42e-07,-7.66e-08,1.66e-09,-6.48e-08,-2.844
L_4_R_2_Th_4_Nb_2_Th2_Len_4_Loc_235,0.4,0.2,0.4,2.35,0.4,0.2,0.0,180.788,3.754,62.9,-0.003754,1.43e-07,-8.05e-08,-3.14e-08,-6.29e-08,-2.844
L_4_R_2_Th_4_Nb_2_Th4_Len_4_Loc_235,0.4,0.2,0.4,2.35,0.4,0.4,0.0,183.348,3.759,62.8,-0.003759,1.45e-07,-8.2e-08,-3.16e-08,-6.28e-08,-2.844
L_4_R_2_Th_4_Nb_2_Th6_Len_4_Loc_235,0.4,0.2,0.4,2.35,0.4,0.6,0.0,183.508,3.753,62.8,-0.003753,1.46e-07,-8.27e-08,-3.17e-08,-6.28e-08,-2.844
L_4_R_2_Th_4_Nb_2_Th2_Len_4_Loc_265,0.4,0.2,0.4,2.65,0.4,0.2,0.0,169.748,4.39,64.3,-0.00439,1.42e-07,-7.71e-08,-3.31e-08,-6.43e-08,-2.844
L_4_R_2_Th_4_Nb_2_Th4_Len_4_Loc_265,0.4,0.2,0.4,2.65,0.4,0.4,0.0,170.868,4.354,64.3,-0.004354,1.42e-07,-7.72e-08,-3.34e-08,-6.43e-08,-2.844
L_4_R_2_Th_4_Nb_2_Th6_Len_4_Loc_265,0.4,0.2,0.4,2.65,0.4,0.6,0.0,170.548,4.376,64.3,-0.004376,1.42e-07,-7.72e-08,-3.34e-08,-6.43e-08,-2.844
L_4_R_2_Th_4_Nb_2_Th2_Len_4_Loc_295,0.4,0.2,0.4,2.95,0.4,0.2,0.0,127.508,4.892,64.7,-0.004892,1.42e-07,-7.67e-08,-3.38e-08,-6.47e-08,-2.844
L_4_R_2_Th_4_Nb_2_Th4_Len_4_Loc_295,0.4,0.2,0.4,2.95,0.4,0.4,0.0,128.148,4.89,64.7,-0.00489,1.42e-07,-7.67e-08,-3.43e-08,-6.47e-08,-2.844
L_4_R_2_Th_4_Nb_2_Th6_Len_4_Loc_295,0.4,0.2,0.4,2.95,0.4,0.6,0.0,128.628,4.914,64.7,-0.004914,1.42e-07,-7.67e-08,-3.42e-08,-6.47e-08,-2.844
L_4_R_2_Th_4_Nb_2_Th2_Len_4_Loc_325,0.4,0.2,0.4,3.25,0.4,0.2,0.0,88.948,4.95,64.8,-0.00495,1.42e-07,-7.67e-08,-3.68e-08,-6.48e-08,-2.844
L_4_R_2_Th_4_Nb_2_Th4_Len_4_Loc_325,0.4,0.2,0.4,3.25,0.4,0.4,0.0,89.188,4.949,64.8,-0.004949,1.42e-07,-7.67e-08,-3.77e-08,-6.48e-08,-2.844
L_4_R_2_Th_4_Nb_2_Th6_Len_4_Loc_325,0.4,0.2,0.4,3.25,0.4,0.6,0.0,88.948,4.949,64.8,-0.004949,1.42e-07,-7.67e-08,-3.79e-08,-6.48e-08,-2.844
L_4_R_2_Th_4_Nb_2_Th2_Len_8_Loc_235,0.4,0.2,0.4,2.35,0.8,0.2,0.0,153.268,3.562,62.9,-0.003562,1.43e-07,-8.05e-08,-5.33e-08,-6.29e-08,-2.844
L_4_R_2_Th_4_Nb_2_Th4_Len_8_Loc_235,0.4,0.2,0.4,2.35,0.8,0.4,0.0,153.428,3.563,62.8,-0.003563,1.45e-07,-8.2e-08,-5.35e-08,-6.28e-08,-2.844
L_4_R_2_Th_4_Nb_2_Th6_Len_8_Loc_235,0.4,0.2,0.4,2.35,0.8,0.6,0.0,153.428,3.563,62.8,-0.003563,1.46e-07,-8.27e-08,-5.35e-08,-6.28e-08,-2.844
L_4_R_2_Th_6_Nb_1,0.4,0.2,0.6,0.0,0.0,0.0,0.0,72.948,4.27,60.4,-0.00427,1.32e-07,-7.17e-08,-9.81e-10,-6.04e-08,-2.818
L_4_R_2_Th_6_Nb_2_Th2_Len_4_Loc_235,0.4,0.2,0.6,2.35,0.4,0.2,0.0,230.308,3.458,63.0,-0.003458,1.44e-07,-8.07e-08,-3.13e-08,-6.3e-08,-2.845
L_4_R_2_Th_6_Nb_2_Th4_Len_4_Loc_235,0.4,0.2,0.6,2.35,0.4,0.4,0.0,240.388,3.17,58.4,-0.00317,1.36e-07,-7.78e-08,-3.49e-08,-5.84e-08,-2.818
L_4_R_2_Th_6_Nb_2_Th6_Len_4_Loc_235,0.4,0.2,0.6,2.35,0.4,0.6,0.0,231.748,3.461,63.0,-0.003461,1.47e-07,-8.44e-08,-3.15e-08,-6.3e-08,-2.845
L_4_R_2_Th_6_Nb_2_Th2_Len_4_Loc_265,0.4,0.2,0.6,2.65,0.4,0.2,0.0,176.788,4.08,64.5,-0.00408,1.42e-07,-7.72e-08,-3.29e-08,-6.45e-08,-2.845
L_4_R_2_Th_6_Nb_2_Th4_Len_4_Loc_265,0.4,0.2,0.6,2.65,0.4,0.4,0.0,179.508,4.067,64.5,-0.004067,1.42e-07,-7.73e-08,-3.32e-08,-6.45e-08,-2.845
L_4_R_2_Th_6_Nb_2_Th6_Len_4_Loc_265,0.4,0.2,0.6,2.65,0.4,0.6,0.0,177.748,4.066,64.5,-0.004066,1.42e-07,-7.73e-08,-3.32e-08,-6.45e-08,-2.845
L_4_R_2_Th_6_Nb_2_Th2_Len_4_Loc_295,0.4,0.2,0.6,2.95,0.4,0.2,0.0,130.228,4.483,64.9,-0.004483,1.42e-07,-7.68e-08,-3.37e-08,-6.49e-08,-2.845
L_4_R_2_Th_6_Nb_2_Th4_Len_4_Loc_295,0.4,0.2,0.6,2.95,0.4,0.4,0.0,131.028,4.464,64.9,-0.004464,1.42e-07,-7.69e-08,-3.41e-08,-6.49e-08,-2.845
L_4_R_2_Th_6_Nb_2_Th6_Len_4_Loc_295,0.4,0.2,0.6,2.95,0.4,0.6,0.0,131.188,4.466,64.9,-0.004466,1.42e-07,-7.69e-08,-3.41e-08,-6.49e-08,-2.845
L_4_R_2_Th_6_Nb_2_Th2_Len_4_Loc_325,0.4,0.2,0.6,3.25,0.4,0.2,0.0,94.148,4.215,60.4,-0.004215,1.32e-07,-7.17e-08,-3.97e-08,-6.04e-08,-2.818
L_4_R_2_Th_6_Nb_2_Th2_Len_8_Loc_235,0.4,0.2,0.6,2.35,0.8,0.2,0.0,205.428,3.279,63.0,-0.003279,1.44e-07,-8.07e-08,-5.32e-08,-6.3e-08,-2.845
L_4_R_4_Th_2_Nb_2_Th2_Len_4_Loc_235,0.4,0.4,0.2,2.35,0.4,0.2,0.0,154.068,1.652,68.6,-0.001652,1.53e-07,-8.47e-08,-3.1e-08,-6.86e-08,-2.827
L_4_R_4_Th_2_Nb_2_Th4_Len_4_Loc_235,0.4,0.4,0.2,2.35,0.4,0.4,0.0,151.028,1.648,68.6,-0.001648,1.55e-07,-8.65e-08,-3.12e-08,-6.86e-08,-2.827
L_4_R_4_Th_2_Nb_2_Th6_Len_4_Loc_235,0.4,0.4,0.2,2.35,0.4,0.6,0.0,135.188,3.285,69.1,-0.003285,1.56e-07,-8.69e-08,-3.09e-08,-6.91e-08,-2.829
L_4_R_4_Th_2_Nb_2_Th2_Len_4_Loc_265,0.4,0.4,0.2,2.65,0.4,0.2,0.0,170.068,1.893,71.8,-0.001893,1.47e-07,-7.51e-08,-3.43e-08,-7.18e-08,-2.827
L_4_R_4_Th_2_Nb_2_Th4_Len_4_Loc_265,0.4,0.4,0.2,2.65,0.4,0.4,0.0,170.388,1.894,71.7,-0.001894,1.47e-07,-7.54e-08,-3.46e-08,-7.17e-08,-2.827
L_4_R_4_Th_2_Nb_2_Th6_Len_4_Loc_265,0.4,0.4,0.2,2.65,0.4,0.6,0.0,146.628,3.671,72.3,-0.003671,1.48e-07,-7.57e-08,-3.43e-08,-7.23e-08,-2.829
L_4_R_4_Th_2_Nb_2_Th2_Len_4_Loc_295,0.4,0.4,0.2,2.95,0.4,0.2,0.0,146.108,2.219,72.7,-0.002219,1.47e-07,-7.38e-08,-3.56e-08,-7.27e-08,-2.827
L_4_R_4_Th_6_Nb_1,0.4,0.4,0.6,0.0,0.0,0.0,0.0,189.748,2.012,76.0,-0.002012,1.53e-07,-7.7e-08,1.93e-09,-7.6e-08,-2.845
L_4_R_4_Th_2_Nb_2_Th6_Len_4_Loc_295,0.4,0.4,0.2,2.95,0.4,0.6,0.0,131.988,4.051,73.1,-0.004051,1.47e-07,-7.4e-08,-3.57e-08,-7.31e-08,-2.829
L_4_R_4_Th_2_Nb_2_Th2_Len_4_Loc_325,0.4,0.4,0.2,3.25,0.4,0.2,0.0,105.348,2.246,72.9,-0.002246,1.47e-07,-7.36e-08,-3.85e-08,-7.29e-08,-2.827
L_4_R_4_Th_2_Nb_2_Th4_Len_4_Loc_325,0.4,0.4,0.2,3.25,0.4,0.4,0.0,105.028,2.243,72.9,-0.002243,1.47e-07,-7.36e-08,-3.95e-08,-7.29e-08,-2.827
L_4_R_4_Th_2_Nb_2_Th6_Len_4_Loc_325,0.4,0.4,0.2,3.25,0.4,0.6,0.0,95.828,4.201,73.4,-0.004201,1.47e-07,-7.38e-08,-3.94e-08,-7.34e-08,-2.829
L_4_R_4_Th_2_Nb_2_Th2_Len_8_Loc_235,0.4,0.4,0.2,2.35,0.8,0.2,0.0,140.148,1.547,68.6,-0.001547,1.53e-07,-8.47e-08,-5.32e-08,-6.86e-08,-2.827
L_4_R_6_Th_2_Nb_2_Th6_Len_8_Loc_265,0.4,0.6,0.2,2.65,0.8,0.6,0.0,108.788,2.669,81.8,-0.002669,1.62e-07,-8.06e-08,-5.58e-08,-8.18e-08,-2.829
L_4_R_4_Th_2_Nb_2_Th6_Len_8_Loc_265,0.4,0.4,0.2,2.65,0.8,0.6,0.0,116.468,3.409,72.2,-0.003409,1.48e-07,-7.57e-08,-5.76e-08,-7.22e-08,-2.829
L_4_R_4_Th_2_Nb_2_Th2_Len_12_Loc_235,0.4,0.4,0.2,2.35,1.2,0.2,0.0,99.108,1.497,68.6,-0.001497,1.53e-07,-8.47e-08,-7.67e-08,-6.86e-08,-2.827
L_4_R_4_Th_2_Nb_2_Th4_Len_12_Loc_235,0.4,0.4,0.2,2.35,1.2,0.4,0.0,99.188,1.497,68.6,-0.001497,1.55e-07,-8.65e-08,-7.73e-08,-6.86e-08,-2.827
L_4_R_4_Th_2_Nb_2_Th6_Len_12_Loc_235,0.4,0.4,0.2,2.35,1.2,0.6,0.0,94.388,3.084,69.1,-0.003084,1.56e-07,-8.69e-08,-7.72e-08,-6.91e-08,-2.829
L_4_R_4_Th_4_Nb_2_Th2_Len_4_Loc_235,0.4,0.4,0.4,2.35,0.4,0.2,0.0,219.828,1.471,66.9,-0.001471,1.52e-07,-8.49e-08,-3.21e-08,-6.69e-08,-2.817
L_4_R_4_Th_4_Nb_2_Th4_Len_4_Loc_235,0.4,0.4,0.4,2.35,0.4,0.4,0.0,219.188,1.471,66.9,-0.001471,1.57e-07,-9e-08,-3.22e-08,-6.69e-08,-2.817
L_4_R_4_Th_4_Nb_2_Th6_Len_4_Loc_235,0.4,0.4,0.4,2.35,0.4,0.6,0.0,218.068,1.656,71.3,-0.001656,1.68e-07,-9.68e-08,-2.89e-08,-7.13e-08,-2.844
L_4_R_4_Th_4_Nb_2_Th2_Len_4_Loc_265,0.4,0.4,0.4,2.65,0.4,0.2,0.0,218.868,1.859,74.6,-0.001859,1.54e-07,-7.89e-08,-3.21e-08,-7.46e-08,-2.844
L_4_R_8_Th_6_Nb_1,0.4,0.8,0.6,0.0,0.0,0.0,0.0,152.148,1.806,98.0,-0.001806,1.75e-07,-7.74e-08,2.31e-09,-9.8e-08,-2.845
L_4_R_8_Th_6_Nb_2_Th4_Len_4_Loc_295,0.4,0.8,0.6,2.95,0.4,0.4,0.0,124.308,1.706,96.0,-0.001706,1.8e-07,-8.35e-08,-3.17e-08,-9.6e-08,-2.845
L_4_R_6_Th_4_Nb_1,0.4,0.6,0.4,0.0,0.0,0.0,0.0,254.068,1.591,87.0,-0.001591,1.64e-07,-7.71e-08,2.04e-09,-8.7e-08,-2.844
L_4_R_6_Th_4_Nb_2_Th2_Len_4_Loc_325,0.4,0.6,0.4,3.25,0.4,0.2,0.0,140.308,1.579,86.9,-0.001579,1.64e-07,-7.73e-08,-3.63e-08,-8.69e-08,-2.844
L_4_R_4_Th_4_Nb_2_Th2_Len_4_Loc_325,0.4,0.4,0.4,3.25,0.4,0.2,0.0,114.228,2.122,75.8,-0.002122,1.53e-07,-7.7e-08,-3.64e-08,-7.58e-08,-2.844
L_4_R_4_Th_4_Nb_2_Th4_Len_4_Loc_325,0.4,0.4,0.4,3.25,0.4,0.4,0.0,114.388,2.122,75.8,-0.002122,1.53e-07,-7.7e-08,-3.74e-08,-7.58e-08,-2.844
L_4_R_4_Th_4_Nb_2_Th6_Len_4_Loc_325,0.4,0.4,0.4,3.25,0.4,0.6,0.0,114.388,2.122,75.8,-0.002122,1.53e-07,-7.7e-08,-3.76e-08,-7.58e-08,-2.844
L_4_R_4_Th_4_Nb_2_Th2_Len_8_Loc_235,0.4,0.4,0.4,2.35,0.8,0.2,0.0,176.468,1.569,71.3,-0.001569,1.61e-07,-8.99e-08,-5.07e-08,-7.13e-08,-2.844
L_4_R_4_Th_6_Nb_2_Th6_Len_4_Loc_325,0.4,0.4,0.6,3.25,0.4,0.6,0.0,111.988,2.0,76.0,-0.002,1.53e-07,-7.71e-08,-3.75e-08,-7.6e-08,-2.845
L_4_R_4_Th_6_Nb_2_Th4_Len_8_Loc_235,0.4,0.4,0.6,2.35,0.8,0.4,0.0,178.548,1.486,71.4,-0.001486,1.68e-07,-9.67e-08,-5.07e-08,-7.14e-08,-2.845
L_4_R_6_Th_2_Nb_2_Th4_Len_4_Loc_265,0.4,0.6,0.2,2.65,0.4,0.4,0.0,151.348,1.511,81.4,-0.001511,1.62e-07,-8.01e-08,-3.27e-08,-8.14e-08,-2.827
L_4_R_6_Th_2_Nb_2_Th6_Len_4_Loc_325,0.4,0.6,0.2,3.25,0.4,0.6,0.0,93.748,3.486,84.5,-0.003486,1.59e-07,-7.4e-08,-3.95e-08,-8.45e-08,-2.829
L_4_R_8_Th_2_Nb_2_Th2_Len_4_Loc_325,0.4,0.8,0.2,3.25,0.4,0.2,0.0,103.608,0.7616,94.7,-0.0007616,1.69e-07,-7.43e-08,-3.81e-08,-9.47e-08,-2.827
L_4_R_8_Th_2_Nb_2_Th4_Len_4_Loc_325,0.4,0.8,0.2,3.25,0.4,0.4,0.0,104.298,0.6548,90.6,-0.0006548,1.6e-07,-6.95e-08,-4.16e-08,-9.06e-08,-2.802
L_4_R_6_Th_4_Nb_2_Th2_Len_4_Loc_265,0.4,0.6,0.4,2.65,0.4,0.2,0.0,206.708,1.447,84.0,-0.001447,1.68e-07,-8.37e-08,-3.04e-08,-8.4e-08,-2.844
L_4_R_8_Th_6_Nb_2_Th2_Len_4_Loc_295,0.4,0.8,0.6,2.95,0.4,0.2,0.0,124.148,1.706,96.0,-0.001706,1.77e-07,-8.13e-08,-3.14e-08,-9.6e-08,-2.845
L_4_R_6_Th_6_Nb_1,0.4,0.6,0.6,0.0,0.0,0.0,0.0,260.468,1.655,87.2,-0.001655,1.64e-07,-7.72e-08,2.12e-09,-8.72e-08,-2.845
L_4_R_12_Th_4_Nb_1,0.4,1.2,0.4,0.0,0.0,0.0,0.0,201.748,1.137,120.0,-0.001137,1.98e-07,-7.76e-08,2.5e-09,-1.2e-07,-2.844
L_4_R_6_Th_4_Nb_2_Th4_Len_4_Loc_325,0.4,0.6,0.4,3.25,0.4,0.4,0.0,139.508,1.738,86.9,-0.001738,1.64e-07,-7.73e-08,-3.73e-08,-8.69e-08,-2.844
L_4_R_4_Th_4_Nb_2_Th6_Len_4_Loc_265,0.4,0.4,0.4,2.65,0.4,0.6,0.0,218.548,1.859,74.5,-0.001859,1.55e-07,-8.03e-08,-3.23e-08,-7.45e-08,-2.844
L_4_R_6_Th_4_Nb_2_Th4_Len_4_Loc_265,0.4,0.6,0.4,2.65,0.4,0.4,0.0,204.948,1.595,84.0,-0.001595,1.7e-07,-8.61e-08,-3.05e-08,-8.4e-08,-2.844
L_4_R_6_Th_6_Nb_2_Th2_Len_4_Loc_265,0.4,0.6,0.6,2.65,0.4,0.2,0.0,209.428,1.514,84.2,-0.001514,1.68e-07,-8.39e-08,-3.03e-08,-8.42e-08,-2.845
L_4_R_4_Th_2_Nb_2_Th4_Len_8_Loc_235,0.4,0.4,0.2,2.35,0.8,0.4,0.0,140.948,1.551,68.6,-0.001551,1.55e-07,-8.65e-08,-5.33e-08,-6.86e-08,-2.827
L_4_R_4_Th_2_Nb_2_Th6_Len_8_Loc_235,0.4,0.4,0.2,2.35,0.8,0.6,0.0,130.068,3.119,69.1,-0.003119,1.56e-07,-8.69e-08,-5.29e-08,-6.91e-08,-2.829
L_4_R_6_Th_2_Nb_1,0.4,0.6,0.2,0.0,0.0,0.0,0.0,150.548,1.743,84.2,-0.001743,1.58e-07,-7.36e-08,2.02e-10,-8.42e-08,-2.827
L_4_R_6_Th_2_Nb_2_Th6_Len_4_Loc_265,0.4,0.6,0.2,2.65,0.4,0.6,0.0,138.068,2.759,81.8,-0.002759,1.62e-07,-8.06e-08,-3.25e-08,-8.18e-08,-2.829
L_4_R_6_Th_2_Nb_2_Th4_Len_8_Loc_265,0.4,0.6,0.2,2.65,0.8,0.4,0.0,115.681,1.186,77.2,-0.001186,1.53e-07,-7.55e-08,-5.86e-08,-7.72e-08,-2.802
L_4_R_6_Th_4_Nb_2_Th6_Len_4_Loc_325,0.4,0.6,0.4,3.25,0.4,0.6,0.0,139.828,1.578,86.9,-0.001578,1.64e-07,-7.73e-08,-3.74e-08,-8.69e-08,-2.844
L_4_R_4_Th_4_Nb_2_Th4_Len_4_Loc_265,0.4,0.4,0.4,2.65,0.4,0.4,0.0,218.068,1.856,74.5,-0.001856,1.55e-07,-8.01e-08,-3.24e-08,-7.45e-08,-2.844
L_4_R_6_Th_6_Nb_2_Th4_Len_4_Loc_265,0.4,0.6,0.6,2.65,0.4,0.4,0.0,209.748,1.515,84.1,-0.001515,1.71e-07,-8.71e-08,-3.05e-08,-8.41e-08,-2.845
L_4_R_4_Th_4_Nb_2_Th4_Len_8_Loc_235,0.4,0.4,0.4,2.35,0.8,0.4,0.0,176.148,1.569,71.3,-0.001569,1.66e-07,-9.5e-08,-5.08e-08,-7.13e-08,-2.844
L_4_R_6_Th_6_Nb_2_Th6_Len_4_Loc_265,0.4,0.6,0.6,2.65,0.4,0.6,0.0,209.268,1.515,84.1,-0.001515,1.74e-07,-8.95e-08,-3.05e-08,-8.41e-08,-2.845
L_4_R_4_Th_4_Nb_2_Th6_Len_8_Loc_235,0.4,0.4,0.4,2.35,0.8,0.6,0.0,176.148,1.568,71.3,-0.001568,1.68e-07,-9.68e-08,-5.08e-08,-7.13e-08,-2.844
L_4_R_4_Th_6_Nb_2_Th2_Len_4_Loc_235,0.4,0.4,0.6,2.35,0.4,0.2,0.0,212.788,1.559,71.5,-0.001559,1.62e-07,-9.01e-08,-2.87e-08,-7.15e-08,-2.845
L_4_R_4_Th_6_Nb_2_Th4_Len_4_Loc_235,0.4,0.4,0.6,2.35,0.4,0.4,0.0,214.228,1.559,71.5,-0.001559,1.68e-07,-9.68e-08,-2.88e-08,-7.15e-08,-2.845
L_4_R_4_Th_6_Nb_2_Th6_Len_4_Loc_235,0.4,0.4,0.6,2.35,0.4,0.6,0.0,212.788,1.568,71.5,-0.001568,1.73e-07,-1.02e-07,-2.89e-08,-7.15e-08,-2.845
L_4_R_4_Th_6_Nb_2_Th2_Len_4_Loc_265,0.4,0.4,0.6,2.65,0.4,0.2,0.0,216.948,1.756,74.8,-0.001756,1.54e-07,-7.89e-08,-3.2e-08,-7.48e-08,-2.845
L_4_R_4_Th_6_Nb_2_Th4_Len_4_Loc_265,0.4,0.4,0.6,2.65,0.4,0.4,0.0,215.348,1.766,74.7,-0.001766,1.55e-07,-8.06e-08,-3.22e-08,-7.47e-08,-2.845
L_4_R_4_Th_6_Nb_2_Th6_Len_4_Loc_265,0.4,0.4,0.6,2.65,0.4,0.6,0.0,215.508,1.766,74.6,-0.001766,1.57e-07,-8.19e-08,-3.22e-08,-7.46e-08,-2.845
L_4_R_6_Th_2_Nb_2_Th6_Len_4_Loc_295,0.4,0.6,0.2,2.95,0.4,0.6,0.0,126.708,3.096,83.9,-0.003096,1.59e-07,-7.48e-08,-3.52e-08,-8.39e-08,-2.829
L_4_R_6_Th_4_Nb_2_Th6_Len_4_Loc_265,0.4,0.6,0.4,2.65,0.4,0.6,0.0,206.068,1.447,84.0,-0.001447,1.71e-07,-8.71e-08,-3.05e-08,-8.4e-08,-2.844
L_4_R_4_Th_6_Nb_2_Th2_Len_4_Loc_325,0.4,0.4,0.6,3.25,0.4,0.2,0.0,112.788,2.011,75.9,-0.002011,1.53e-07,-7.71e-08,-3.63e-08,-7.59e-08,-2.845
L_4_R_4_Th_6_Nb_2_Th4_Len_4_Loc_325,0.4,0.4,0.6,3.25,0.4,0.4,0.0,111.988,2.0,76.0,-0.002,1.53e-07,-7.71e-08,-3.73e-08,-7.6e-08,-2.845
L_4_R_4_Th_6_Nb_2_Th2_Len_8_Loc_235,0.4,0.4,0.6,2.35,0.8,0.2,0.0,179.988,1.301,67.0,-0.001301,1.52e-07,-8.5e-08,-5.42e-08,-6.7e-08,-2.818
L_4_R_4_Th_6_Nb_2_Th6_Len_8_Loc_235,0.4,0.4,0.6,2.35,0.8,0.6,0.0,179.508,1.486,71.4,-0.001486,1.73e-07,-1.02e-07,-5.07e-08,-7.14e-08,-2.845
L_4_R_6_Th_2_Nb_2_Th2_Len_4_Loc_265,0.4,0.6,0.2,2.65,0.4,0.2,0.0,155.988,1.243,77.2,-0.001243,1.52e-07,-7.44e-08,-3.5e-08,-7.72e-08,-2.802
L_4_R_6_Th_2_Nb_2_Th2_Len_4_Loc_325,0.4,0.6,0.2,3.25,0.4,0.2,0.0,103.034,1.513,79.9,-0.001513,1.49e-07,-6.91e-08,-4.09e-08,-7.99e-08,-2.802
L_4_R_8_Th_2_Nb_2_Th6_Len_4_Loc_295,0.4,0.8,0.2,2.95,0.4,0.6,0.0,122.228,2.035,93.7,-0.002035,1.72e-07,-7.79e-08,-3.39e-08,-9.37e-08,-2.829
L_4_R_8_Th_4_Nb_1,0.4,0.8,0.4,0.0,0.0,0.0,0.0,219.828,1.569,93.9,-0.001569,1.66e-07,-7.21e-08,-6.98e-10,-9.39e-08,-2.817
L_4_R_6_Th_2_Nb_2_Th4_Len_4_Loc_325,0.4,0.6,0.2,3.25,0.4,0.4,0.0,101.428,1.715,84.1,-0.001715,1.58e-07,-7.38e-08,-3.94e-08,-8.41e-08,-2.827
L_4_R_6_Th_6_Nb_2_Th2_Len_4_Loc_325,0.4,0.6,0.6,3.25,0.4,0.2,0.0,142.148,1.477,87.0,-0.001477,1.64e-07,-7.73e-08,-3.63e-08,-8.7e-08,-2.845
L_4_R_8_Th_6_Nb_2_Th6_Len_4_Loc_295,0.4,0.8,0.6,2.95,0.4,0.6,0.0,125.268,1.693,96.0,-0.001693,1.81e-07,-8.51e-08,-3.17e-08,-9.6e-08,-2.845
L_4_R_6_Th_6_Nb_2_Th4_Len_4_Loc_325,0.4,0.6,0.6,3.25,0.4,0.4,0.0,141.668,1.644,87.0,-0.001644,1.64e-07,-7.74e-08,-3.73e-08,-8.7e-08,-2.845
L_4_R_12_Th_6_Nb_1,0.4,1.2,0.6,0.0,0.0,0.0,0.0,202.708,0.8045,116.0,-0.0008045,1.88e-07,-7.21e-08,-5.63e-10,-1.16e-07,-2.818
L_4_R_6_Th_6_Nb_2_Th6_Len_4_Loc_325,0.4,0.6,0.6,3.25,0.4,0.6,0.0,141.588,1.481,87.0,-0.001481,1.64e-07,-7.74e-08,-3.75e-08,-8.7e-08,-2.845
L_4_R_2_Th_4_Nb_2_Th2_Len_4_Loc_235_Ox_1,0.4,0.2,0.4,2.35,0.4,0.2,0.1,217.588,2.029,64.7,-0.002029,1.46e-07,-8.09e-08,-1.09e-08,-6.47e-08,-2.854
L_4_R_2_Th_4_Nb_2_Th2_Len_4_Loc_295_Ox_1,0.4,0.2,0.4,2.95,0.4,0.2,0.1,164.548,2.128,66.1,-0.002128,1.44e-07,-7.82e-08,-1.25e-08,-6.61e-08,-2.854
L_4_R_2_Th_4_Nb_2_Th4_Len_4_Loc_235_Ox_2,0.4,0.2,0.4,2.35,0.4,0.4,0.2,197.908,5.825,64.1,-0.005825,1.42e-07,-7.74e-08,-6e-09,-6.41e-08,-2.843
L_4_R_2_Th_4_Nb_2_Th2_Len_4_Loc_325_Ox_1,0.4,0.2,0.4,3.25,0.4,0.2,0.1,138.228,2.131,66.2,-0.002131,1.44e-07,-7.82e-08,-1.52e-08,-6.62e-08,-2.854
L_4_R_2_Th_4_Nb_2_Th6_Len_4_Loc_235_Ox_2,0.4,0.2,0.4,2.35,0.4,0.6,0.2,211.988,3.055,61.6,-0.003055,1.37e-07,-7.52e-08,-7.44e-09,-6.16e-08,-2.83
L_4_R_2_Th_4_Nb_2_Th4_Len_4_Loc_295_Ox_1,0.4,0.2,0.4,2.95,0.4,0.4,0.1,162.708,2.171,64.7,-0.002171,1.41e-07,-7.66e-08,-1.37e-08,-6.47e-08,-2.844
L_4_R_2_Th_4_Nb_2_Th2_Len_4_Loc_265_Ox_2,0.4,0.2,0.4,2.65,0.4,0.2,0.2,193.428,4.656,62.7,-0.004656,1.37e-07,-7.46e-08,-7.97e-09,-6.27e-08,-2.832
L_4_R_2_Th_2_Nb_2_Th2_Len_4_Loc_325_Ox_2,0.4,0.2,0.2,3.25,0.4,0.2,0.2,33.428,5.867,62.2,-0.005867,1.36e-07,-7.36e-08,-1e-08,-6.22e-08,-2.829
L_4_R_2_Th_2_Nb_2_Th4_Len_8_Loc_235_Ox_1,0.4,0.2,0.2,2.35,0.8,0.4,0.1,261.268,1.092,64.6,-0.001092,1.45e-07,-8.03e-08,-1.93e-08,-6.46e-08,-2.854
L_4_R_2_Th_2_Nb_2_Th4_Len_8_Loc_265_Ox_1,0.4,0.2,0.2,2.65,0.8,0.4,0.1,219.268,1.134,65.7,-0.001134,1.44e-07,-7.83e-08,-2.08e-08,-6.57e-08,-2.854
L_4_R_2_Th_2_Nb_2_Th6_Len_8_Loc_235_Ox_2,0.4,0.2,0.2,2.35,0.8,0.6,0.2,193.108,5.824,64.0,-0.005824,1.41e-07,-7.71e-08,-1.12e-08,-6.4e-08,-2.843
L_4_R_2_Th_2_Nb_2_Th2_Len_12_Loc_235_Ox_1,0.4,0.2,0.2,2.35,1.2,0.2,0.1,139.508,5.473,62.3,-0.005473,1.4e-07,-7.76e-08,-3.1e-08,-6.23e-08,-2.838
L_4_R_2_Th_2_Nb_2_Th4_Len_12_Loc_235_Ox_2,0.4,0.2,0.2,2.35,1.2,0.4,0.2,188.788,5.688,61.8,-0.005688,1.37e-07,-7.53e-08,-1.82e-08,-6.18e-08,-2.832
L_4_R_2_Th_4_Nb_2_Th4_Len_4_Loc_265_Ox_1,0.4,0.2,0.4,2.65,0.4,0.4,0.1,192.148,1.939,59.8,-0.001939,1.32e-07,-7.18e-08,-1.62e-08,-5.98e-08,-2.815
L_4_R_2_Th_2_Nb_2_Th2_Len_8_Loc_235_Ox_1,0.4,0.2,0.2,2.35,0.8,0.2,0.1,172.948,5.448,62.3,-0.005448,1.4e-07,-7.76e-08,-2.12e-08,-6.23e-08,-2.838
L_4_R_2_Th_2_Nb_2_Th6_Len_8_Loc_265_Ox_1,0.4,0.2,0.2,2.65,0.8,0.6,0.1,213.908,1.788,64.3,-0.001788,1.41e-07,-7.66e-08,-2.2e-08,-6.43e-08,-2.844
L_4_R_2_Th_2_Nb_2_Th2_Len_8_Loc_265_Ox_2,0.4,0.2,0.2,2.65,0.8,0.2,0.2,32.148,6.033,62.0,-0.006033,1.36e-07,-7.37e-08,-1.36e-08,-6.2e-08,-2.829
L_4_R_2_Th_2_Nb_2_Th4_Len_12_Loc_235_Ox_1,0.4,0.2,0.2,2.35,1.2,0.4,0.1,201.428,1.092,64.6,-0.001092,1.45e-07,-8.03e-08,-2.91e-08,-6.46e-08,-2.854
L_4_R_2_Th_2_Nb_2_Th6_Len_12_Loc_235_Ox_2,0.4,0.2,0.2,2.35,1.2,0.6,0.2,188.788,5.823,64.0,-0.005823,1.41e-07,-7.71e-08,-1.68e-08,-6.4e-08,-2.843
L_4_R_2_Th_4_Nb_2_Th2_Len_4_Loc_235_Ox_2,0.4,0.2,0.4,2.35,0.4,0.2,0.2,207.188,4.608,61.9,-0.004608,1.38e-07,-7.56e-08,-7.24e-09,-6.19e-08,-2.832
L_4_R_2_Th_2_Nb_2_Th2_Len_4_Loc_295_Ox_1,0.4,0.2,0.2,2.95,0.4,0.2,0.1,37.908,5.663,63.6,-0.005663,1.39e-07,-7.54e-08,-1.44e-08,-6.36e-08,-2.838
L_4_R_2_Th_2_Nb_2_Th6_Len_4_Loc_295_Ox_1,0.4,0.2,0.2,2.95,0.4,0.6,0.1,217.428,1.796,64.6,-0.001796,1.41e-07,-7.64e-08,-1.37e-08,-6.46e-08,-2.844
L_4_R_2_Th_2_Nb_2_Th2_Len_4_Loc_235_Ox_2,0.4,0.2,0.2,2.35,0.4,0.2,0.2,34.068,5.742,61.3,-0.005742,1.36e-07,-7.47e-08,-7.63e-09,-6.13e-08,-2.829
L_4_R_2_Th_2_Nb_2_Th6_Len_4_Loc_235_Ox_2,0.4,0.2,0.2,2.35,0.4,0.6,0.2,196.948,5.826,64.0,-0.005826,1.41e-07,-7.71e-08,-6.06e-09,-6.4e-08,-2.843
L_4_R_2_Th_2_Nb_2_Th4_Len_4_Loc_265_Ox_2,0.4,0.2,0.2,2.65,0.4,0.4,0.2,41.268,5.802,62.5,-0.005802,1.37e-07,-7.43e-08,-8.01e-09,-6.25e-08,-2.832
L_4_R_2_Th_2_Nb_2_Th2_Len_4_Loc_295_Ox_2,0.4,0.2,0.2,2.95,0.4,0.2,0.2,33.428,6.015,62.1,-0.006015,1.36e-07,-7.36e-08,-8.51e-09,-6.21e-08,-2.829
L_4_R_2_Th_2_Nb_2_Th6_Len_4_Loc_295_Ox_2,0.4,0.2,0.2,2.95,0.4,0.6,0.2,38.388,5.9,64.8,-0.0059,1.41e-07,-7.6e-08,-6.97e-09,-6.48e-08,-2.843
L_4_R_2_Th_2_Nb_2_Th6_Len_4_Loc_325_Ox_2,0.4,0.2,0.2,3.25,0.4,0.6,0.2,37.108,5.966,64.8,-0.005966,1.41e-07,-7.6e-08,-8.5e-09,-6.48e-08,-2.843
L_4_R_2_Th_2_Nb_2_Th2_Len_8_Loc_265_Ox_1,0.4,0.2,0.2,2.65,0.8,0.2,0.1,146.468,5.669,63.4,-0.005669,1.39e-07,-7.57e-08,-2.27e-08,-6.34e-08,-2.838
L_4_R_2_Th_2_Nb_2_Th4_Len_8_Loc_235_Ox_2,0.4,0.2,0.2,2.35,0.8,0.4,0.2,193.908,5.689,61.8,-0.005689,1.37e-07,-7.53e-08,-1.25e-08,-6.18e-08,-2.832
L_4_R_2_Th_2_Nb_2_Th6_Len_8_Loc_265_Ox_2,0.4,0.2,0.2,2.65,0.8,0.6,0.2,42.228,5.947,64.6,-0.005947,1.41e-07,-7.61e-08,-1.2e-08,-6.46e-08,-2.843
L_4_R_2_Th_2_Nb_2_Th2_Len_12_Loc_235_Ox_2,0.4,0.2,0.2,2.35,1.2,0.2,0.2,33.428,5.89,61.3,-0.00589,1.36e-07,-7.47e-08,-1.85e-08,-6.13e-08,-2.829
L_4_R_2_Th_4_Nb_2_Th2_Len_4_Loc_265_Ox_1,0.4,0.2,0.4,2.65,0.4,0.2,0.1,190.388,2.11,65.8,-0.00211,1.44e-07,-7.85e-08,-1.2e-08,-6.58e-08,-2.854
L_4_R_2_Th_4_Nb_2_Th4_Len_4_Loc_325_Ox_1,0.4,0.2,0.4,3.25,0.4,0.4,0.1,137.588,2.174,64.8,-0.002174,1.41e-07,-7.66e-08,-1.66e-08,-6.48e-08,-2.844
L_4_R_4_Th_2_Nb_2_Th2_Len_4_Loc_235_Ox_2,0.4,0.4,0.2,2.35,0.4,0.2,0.2,184.948,5.65,75.1,-0.00565,1.58e-07,-8.27e-08,-3.43e-09,-7.51e-08,-2.851
L_4_R_2_Th_2_Nb_2_Th2_Len_4_Loc_235_Ox_1,0.4,0.2,0.2,2.35,0.4,0.2,0.1,188.628,5.471,62.3,-0.005471,1.4e-07,-7.76e-08,-1.28e-08,-6.23e-08,-2.838
L_4_R_2_Th_2_Nb_2_Th4_Len_4_Loc_235_Ox_1,0.4,0.2,0.2,2.35,0.4,0.4,0.1,315.188,1.093,64.6,-0.001093,1.45e-07,-8.03e-08,-1.1e-08,-6.46e-08,-2.854
L_4_R_2_Th_2_Nb_2_Th6_Len_4_Loc_235_Ox_1,0.4,0.2,0.2,2.35,0.4,0.6,0.1,300.148,1.725,63.2,-0.001725,1.42e-07,-7.86e-08,-1.21e-08,-6.32e-08,-2.844
L_4_R_2_Th_2_Nb_2_Th2_Len_4_Loc_265_Ox_1,0.4,0.2,0.2,2.65,0.4,0.2,0.1,172.708,5.671,63.4,-0.005671,1.39e-07,-7.57e-08,-1.4e-08,-6.34e-08,-2.838
L_4_R_2_Th_2_Nb_2_Th4_Len_4_Loc_265_Ox_1,0.4,0.2,0.2,2.65,0.4,0.4,0.1,271.828,1.132,65.7,-0.001132,1.44e-07,-7.83e-08,-1.22e-08,-6.57e-08,-2.854
L_4_R_2_Th_2_Nb_2_Th6_Len_4_Loc_265_Ox_1,0.4,0.2,0.2,2.65,0.4,0.6,0.1,191.588,1.789,64.3,-0.001789,1.41e-07,-7.66e-08,-1.33e-08,-6.43e-08,-2.844
L_4_R_2_Th_2_Nb_2_Th2_Len_4_Loc_325_Ox_1,0.4,0.2,0.2,3.25,0.4,0.2,0.1,46.548,5.252,59.0,-0.005252,1.29e-07,-7.03e-08,-1.98e-08,-5.9e-08,-2.81
L_4_R_2_Th_2_Nb_2_Th4_Len_4_Loc_235_Ox_2,0.4,0.2,0.2,2.35,0.4,0.4,0.2,199.668,5.691,61.8,-0.005691,1.37e-07,-7.53e-08,-7.31e-09,-6.18e-08,-2.832
L_4_R_2_Th_2_Nb_2_Th2_Len_4_Loc_265_Ox_2,0.4,0.2,0.2,2.65,0.4,0.2,0.2,32.148,5.828,62.0,-0.005828,1.36e-07,-7.37e-08,-8.33e-09,-6.2e-08,-2.829
L_4_R_2_Th_2_Nb_2_Th6_Len_4_Loc_265_Ox_2,0.4,0.2,0.2,2.65,0.4,0.6,0.2,37.748,5.871,64.6,-0.005871,1.41e-07,-7.61e-08,-6.76e-09,-6.46e-08,-2.843
L_4_R_2_Th_2_Nb_2_Th4_Len_4_Loc_295_Ox_2,0.4,0.2,0.2,2.95,0.4,0.4,0.2,38.708,5.77,62.6,-0.00577,1.37e-07,-7.42e-08,-8.23e-09,-6.26e-08,-2.832
L_4_R_2_Th_2_Nb_2_Th4_Len_4_Loc_325_Ox_2,0.4,0.2,0.2,3.25,0.4,0.4,0.2,38.708,5.776,62.7,-0.005776,1.37e-07,-7.41e-08,-9.72e-09,-6.27e-08,-2.832
L_4_R_2_Th_2_Nb_2_Th6_Len_8_Loc_235_Ox_1,0.4,0.2,0.2,2.35,0.8,0.6,0.1,255.988,1.724,63.2,-0.001724,1.42e-07,-7.86e-08,-2.04e-08,-6.32e-08,-2.844
L_4_R_2_Th_2_Nb_2_Th2_Len_8_Loc_235_Ox_2,0.4,0.2,0.2,2.35,0.8,0.2,0.2,33.428,5.891,61.3,-0.005891,1.36e-07,-7.47e-08,-1.28e-08,-6.13e-08,-2.829
L_4_R_2_Th_2_Nb_2_Th4_Len_8_Loc_265_Ox_2,0.4,0.2,0.2,2.65,0.8,0.4,0.2,40.628,5.799,62.5,-0.005799,1.37e-07,-7.43e-08,-1.33e-08,-6.25e-08,-2.832
L_4_R_2_Th_2_Nb_2_Th6_Len_12_Loc_235_Ox_1,0.4,0.2,0.2,2.35,1.2,0.6,0.1,197.428,1.724,63.2,-0.001724,1.42e-07,-7.86e-08,-3.04e-08,-6.32e-08,-2.844
L_4_R_2_Th_4_Nb_2_Th4_Len_4_Loc_235_Ox_1,0.4,0.2,0.4,2.35,0.4,0.4,0.1,216.788,2.059,63.3,-0.002059,1.43e-07,-7.93e-08,-1.21e-08,-6.33e-08,-2.844
L_4_R_2_Th_4_Nb_2_Th6_Len_4_Loc_295_Ox_1,0.4,0.2,0.4,2.95,0.4,0.6,0.1,23.348,0.0,60.2,0.0,1.32e-07,-7.16e-08,-1.66e-08,-6.02e-08,-2.816
L_4_R_2_Th_4_Nb_2_Th4_Len_4_Loc_265_Ox_2,0.4,0.2,0.4,2.65,0.4,0.4,0.2,39.668,5.859,64.8,-0.005859,1.41e-07,-7.63e-08,-6.73e-09,-6.48e-08,-2.843
L_4_R_2_Th_4_Nb_2_Th6_Len_4_Loc_265_Ox_2,0.4,0.2,0.4,2.65,0.4,0.6,0.2,200.948,3.103,62.4,-0.003103,1.37e-07,-7.42e-08,-8.17e-09,-6.24e-08,-2.83
L_4_R_2_Th_4_Nb_2_Th2_Len_4_Loc_295_Ox_2,0.4,0.2,0.4,2.95,0.4,0.2,0.2,173.108,4.673,62.8,-0.004673,1.37e-07,-7.44e-08,-8.17e-09,-6.28e-08,-2.832
L_4_R_2_Th_4_Nb_2_Th4_Len_4_Loc_295_Ox_2,0.4,0.2,0.4,2.95,0.4,0.4,0.2,38.388,5.887,65.0,-0.005887,1.41e-07,-7.62e-08,-6.95e-09,-6.5e-08,-2.843
L_4_R_2_Th_4_Nb_2_Th6_Len_4_Loc_295_Ox_2,0.4,0.2,0.4,2.95,0.4,0.6,0.2,184.468,3.092,62.5,-0.003092,1.37e-07,-7.4e-08,-8.36e-09,-6.25e-08,-2.83
L_4_R_2_Th_4_Nb_2_Th2_Len_4_Loc_325_Ox_2,0.4,0.2,0.4,3.25,0.4,0.2,0.2,70.388,4.677,62.9,-0.004677,1.37e-07,-7.44e-08,-9.69e-09,-6.29e-08,-2.832
L_4_R_2_Th_4_Nb_2_Th4_Len_4_Loc_325_Ox_2,0.4,0.2,0.4,3.25,0.4,0.4,0.2,37.108,5.915,65.0,-0.005915,1.41e-07,-7.62e-08,-8.48e-09,-6.5e-08,-2.843
L_4_R_2_Th_4_Nb_2_Th6_Len_4_Loc_325_Ox_2,0.4,0.2,0.4,3.25,0.4,0.6,0.2,161.748,3.095,62.5,-0.003095,1.37e-07,-7.4e-08,-9.88e-09,-6.25e-08,-2.83
L_4_R_2_Th_4_Nb_2_Th2_Len_8_Loc_235_Ox_1,0.4,0.2,0.4,2.35,0.8,0.2,0.1,253.108,2.028,64.7,-0.002028,1.46e-07,-8.09e-08,-1.91e-08,-6.47e-08,-2.854
L_4_R_2_Th_4_Nb_2_Th4_Len_8_Loc_235_Ox_1,0.4,0.2,0.4,2.35,0.8,0.4,0.1,253.908,2.075,63.3,-0.002075,1.43e-07,-7.93e-08,-2.04e-08,-6.33e-08,-2.844
L_4_R_2_Th_4_Nb_2_Th2_Len_8_Loc_265_Ox_1,0.4,0.2,0.4,2.65,0.8,0.2,0.1,157.908,2.107,65.8,-0.002107,1.44e-07,-7.85e-08,-2.07e-08,-6.58e-08,-2.854
L_4_R_2_Th_4_Nb_2_Th4_Len_8_Loc_265_Ox_1,0.4,0.2,0.4,2.65,0.8,0.4,0.1,157.268,2.153,64.5,-0.002153,1.41e-07,-7.69e-08,-2.2e-08,-6.45e-08,-2.844
L_4_R_2_Th_4_Nb_2_Th2_Len_8_Loc_235_Ox_2,0.4,0.2,0.4,2.35,0.8,0.2,0.2,203.188,4.606,61.9,-0.004606,1.38e-07,-7.56e-08,-1.24e-08,-6.19e-08,-2.832
L_4_R_2_Th_4_Nb_2_Th4_Len_8_Loc_235_Ox_2,0.4,0.2,0.4,2.35,0.8,0.4,0.2,191.508,5.822,64.1,-0.005822,1.42e-07,-7.74e-08,-1.11e-08,-6.41e-08,-2.843
L_4_R_2_Th_4_Nb_2_Th6_Len_8_Loc_235_Ox_2,0.4,0.2,0.4,2.35,0.8,0.6,0.2,211.828,3.054,61.6,-0.003054,1.37e-07,-7.52e-08,-1.26e-08,-6.16e-08,-2.83
L_4_R_2_Th_4_Nb_2_Th2_Len_8_Loc_265_Ox_2,0.4,0.2,0.4,2.65,0.8,0.2,0.2,183.668,4.524,62.7,-0.004524,1.37e-07,-7.46e-08,-1.33e-08,-6.27e-08,-2.832
L_4_R_2_Th_4_Nb_2_Th4_Len_8_Loc_265_Ox_2,0.4,0.2,0.4,2.65,0.8,0.4,0.2,40.308,5.857,64.8,-0.005857,1.41e-07,-7.63e-08,-1.2e-08,-6.48e-08,-2.843
L_4_R_2_Th_4_Nb_2_Th6_Len_8_Loc_265_Ox_2,0.4,0.2,0.4,2.65,0.8,0.6,0.2,194.468,3.101,62.4,-0.003101,1.37e-07,-7.42e-08,-1.35e-08,-6.24e-08,-2.83
L_4_R_2_Th_4_Nb_2_Th2_Len_12_Loc_235_Ox_1,0.4,0.2,0.4,2.35,1.2,0.2,0.1,196.468,2.03,64.7,-0.00203,1.46e-07,-8.09e-08,-2.89e-08,-6.47e-08,-2.854
L_4_R_2_Th_4_Nb_2_Th4_Len_12_Loc_235_Ox_1,0.4,0.2,0.4,2.35,1.2,0.4,0.1,196.788,2.075,63.3,-0.002075,1.43e-07,-7.93e-08,-3.03e-08,-6.33e-08,-2.844
L_4_R_2_Th_4_Nb_2_Th2_Len_12_Loc_235_Ox_2,0.4,0.2,0.4,2.35,1.2,0.2,0.2,199.188,4.477,61.9,-0.004477,1.38e-07,-7.56e-08,-1.81e-08,-6.19e-08,-2.832
L_4_R_2_Th_4_Nb_2_Th4_Len_12_Loc_235_Ox_2,0.4,0.2,0.4,2.35,1.2,0.4,0.2,188.628,5.821,64.1,-0.005821,1.42e-07,-7.74e-08,-1.68e-08,-6.41e-08,-2.843
L_4_R_2_Th_4_Nb_2_Th6_Len_12_Loc_235_Ox_2,0.4,0.2,0.4,2.35,1.2,0.6,0.2,201.588,3.053,61.6,-0.003053,1.37e-07,-7.52e-08,-1.83e-08,-6.16e-08,-2.83
L_4_R_2_Th_6_Nb_2_Th2_Len_4_Loc_235_Ox_1,0.4,0.2,0.6,2.35,0.4,0.2,0.1,315.828,1.005,63.3,-0.001005,1.43e-07,-7.93e-08,-1.2e-08,-6.33e-08,-2.845
L_4_R_2_Th_6_Nb_2_Th6_Len_4_Loc_235_Ox_1,0.4,0.2,0.6,2.35,0.4,0.6,0.1,309.988,2.528,64.4,-0.002528,1.45e-07,-8.02e-08,-1.13e-08,-6.44e-08,-2.851
L_4_R_2_Th_6_Nb_2_Th2_Len_4_Loc_265_Ox_1,0.4,0.2,0.6,2.65,0.4,0.2,0.1,276.468,1.045,64.5,-0.001045,1.42e-07,-7.7e-08,-1.32e-08,-6.45e-08,-2.845
L_4_R_2_Th_6_Nb_2_Th6_Len_4_Loc_265_Ox_1,0.4,0.2,0.6,2.65,0.4,0.6,0.1,269.028,2.683,65.6,-0.002683,1.43e-07,-7.78e-08,-1.24e-08,-6.56e-08,-2.851
L_4_R_2_Th_6_Nb_2_Th6_Len_4_Loc_295_Ox_1,0.4,0.2,0.6,2.95,0.4,0.6,0.1,219.428,3.081,65.9,-0.003081,1.43e-07,-7.75e-08,-1.29e-08,-6.59e-08,-2.851
L_4_R_2_Th_6_Nb_2_Th4_Len_4_Loc_325_Ox_1,0.4,0.2,0.6,3.25,0.4,0.4,0.1,23.348,0.0,60.3,0.0,1.32e-07,-7.15e-08,-1.95e-08,-6.03e-08,-2.816
L_4_R_2_Th_6_Nb_2_Th2_Len_4_Loc_235_Ox_2,0.4,0.2,0.6,2.35,0.4,0.2,0.2,201.588,5.91,64.1,-0.00591,1.42e-07,-7.74e-08,-5.97e-09,-6.41e-08,-2.843
L_4_R_2_Th_6_Nb_2_Th4_Len_4_Loc_235_Ox_2,0.4,0.2,0.6,2.35,0.4,0.4,0.2,304.468,1.862,61.7,-0.001862,1.37e-07,-7.53e-08,-7.41e-09,-6.17e-08,-2.831
L_4_R_2_Th_6_Nb_2_Th6_Len_4_Loc_235_Ox_2,0.4,0.2,0.6,2.35,0.4,0.6,0.2,208.948,3.84,65.4,-0.00384,1.45e-07,-7.96e-08,-4.57e-09,-6.54e-08,-2.856
L_4_R_2_Th_6_Nb_2_Th2_Len_4_Loc_265_Ox_2,0.4,0.2,0.6,2.65,0.4,0.2,0.2,38.708,6.023,64.8,-0.006023,1.41e-07,-7.64e-08,-6.71e-09,-6.48e-08,-2.843
L_4_R_2_Th_6_Nb_2_Th4_Len_4_Loc_265_Ox_2,0.4,0.2,0.6,2.65,0.4,0.4,0.2,289.268,1.887,62.4,-0.001887,1.37e-07,-7.43e-08,-8.15e-09,-6.24e-08,-2.831
L_4_R_2_Th_6_Nb_2_Th6_Len_4_Loc_265_Ox_2,0.4,0.2,0.6,2.65,0.4,0.6,0.2,196.548,3.929,66.1,-0.003929,1.45e-07,-7.86e-08,-5.33e-09,-6.61e-08,-2.856
L_4_R_2_Th_6_Nb_2_Th2_Len_4_Loc_295_Ox_2,0.4,0.2,0.6,2.95,0.4,0.2,0.2,38.708,5.979,65.0,-0.005979,1.41e-07,-7.62e-08,-6.93e-09,-6.5e-08,-2.843
L_4_R_2_Th_6_Nb_2_Th4_Len_4_Loc_295_Ox_2,0.4,0.2,0.6,2.95,0.4,0.4,0.2,266.708,1.888,62.6,-0.001888,1.37e-07,-7.42e-08,-8.35e-09,-6.26e-08,-2.831
L_4_R_2_Th_6_Nb_2_Th6_Len_4_Loc_295_Ox_2,0.4,0.2,0.6,2.95,0.4,0.6,0.2,178.788,3.958,66.3,-0.003958,1.45e-07,-7.84e-08,-5.54e-09,-6.63e-08,-2.856
L_4_R_2_Th_6_Nb_2_Th2_Len_4_Loc_325_Ox_2,0.4,0.2,0.6,3.25,0.4,0.2,0.2,38.068,5.984,65.0,-0.005984,1.41e-07,-7.62e-08,-8.46e-09,-6.5e-08,-2.843
L_4_R_2_Th_6_Nb_2_Th4_Len_4_Loc_325_Ox_2,0.4,0.2,0.6,3.25,0.4,0.4,0.2,245.428,1.89,62.6,-0.00189,1.37e-07,-7.41e-08,-9.86e-09,-6.26e-08,-2.831
L_4_R_2_Th_6_Nb_2_Th6_Len_4_Loc_325_Ox_2,0.4,0.2,0.6,3.25,0.4,0.6,0.2,153.188,3.962,66.3,-0.003962,1.45e-07,-7.84e-08,-7.15e-09,-6.63e-08,-2.856
L_4_R_2_Th_6_Nb_2_Th2_Len_8_Loc_235_Ox_1,0.4,0.2,0.6,2.35,0.8,0.2,0.1,263.188,1.005,63.3,-0.001005,1.43e-07,-7.93e-08,-2.03e-08,-6.33e-08,-2.845
L_4_R_2_Th_6_Nb_2_Th6_Len_8_Loc_235_Ox_1,0.4,0.2,0.6,2.35,0.8,0.6,0.1,257.588,2.891,64.4,-0.002891,1.45e-07,-8.02e-08,-1.96e-08,-6.44e-08,-2.851
L_4_R_2_Th_6_Nb_2_Th2_Len_8_Loc_265_Ox_1,0.4,0.2,0.6,2.65,0.8,0.2,0.1,222.228,1.04,64.5,-0.00104,1.42e-07,-7.7e-08,-2.19e-08,-6.45e-08,-2.845
L_4_R_2_Th_6_Nb_2_Th4_Len_8_Loc_265_Ox_1,0.4,0.2,0.6,2.65,0.8,0.4,0.1,23.348,0.0,60.0,0.0,1.32e-07,-7.19e-08,-2.5e-08,-6e-08,-2.816
L_4_R_2_Th_6_Nb_2_Th6_Len_8_Loc_265_Ox_1,0.4,0.2,0.6,2.65,0.8,0.6,0.1,218.708,2.678,65.6,-0.002678,1.43e-07,-7.78e-08,-2.11e-08,-6.56e-08,-2.851
L_4_R_2_Th_6_Nb_2_Th2_Len_8_Loc_235_Ox_2,0.4,0.2,0.6,2.35,0.8,0.2,0.2,194.068,5.908,64.1,-0.005908,1.42e-07,-7.74e-08,-1.11e-08,-6.41e-08,-2.843
L_4_R_2_Th_6_Nb_2_Th4_Len_8_Loc_235_Ox_2,0.4,0.2,0.6,2.35,0.8,0.4,0.2,303.111,1.861,61.7,-0.001861,1.37e-07,-7.54e-08,-1.26e-08,-6.17e-08,-2.831
L_4_R_2_Th_6_Nb_2_Th6_Len_8_Loc_235_Ox_2,0.4,0.2,0.6,2.35,0.8,0.6,0.2,210.068,3.877,65.4,-0.003877,1.45e-07,-7.96e-08,-9.66e-09,-6.54e-08,-2.856
L_4_R_2_Th_6_Nb_2_Th2_Len_8_Loc_265_Ox_2,0.4,0.2,0.6,2.65,0.8,0.2,0.2,41.268,6.004,64.8,-0.006004,1.41e-07,-7.64e-08,-1.2e-08,-6.48e-08,-2.843
L_4_R_2_Th_6_Nb_2_Th4_Len_8_Loc_265_Ox_2,0.4,0.2,0.6,2.65,0.8,0.4,0.2,264.308,1.886,62.4,-0.001886,1.37e-07,-7.43e-08,-1.34e-08,-6.24e-08,-2.831
L_4_R_2_Th_6_Nb_2_Th6_Len_8_Loc_265_Ox_2,0.4,0.2,0.6,2.65,0.8,0.6,0.2,187.348,3.928,66.1,-0.003928,1.45e-07,-7.86e-08,-1.06e-08,-6.61e-08,-2.856
L_4_R_2_Th_6_Nb_2_Th2_Len_12_Loc_235_Ox_1,0.4,0.2,0.6,2.35,1.2,0.2,0.1,203.508,1.005,63.3,-0.001005,1.43e-07,-7.93e-08,-3.02e-08,-6.33e-08,-2.845
L_4_R_2_Th_6_Nb_2_Th6_Len_12_Loc_235_Ox_1,0.4,0.2,0.6,2.35,1.2,0.6,0.1,201.428,2.54,64.4,-0.00254,1.45e-07,-8.02e-08,-2.95e-08,-6.44e-08,-2.851
L_4_R_2_Th_6_Nb_2_Th2_Len_12_Loc_235_Ox_2,0.4,0.2,0.6,2.35,1.2,0.2,0.2,188.468,5.907,64.1,-0.005907,1.42e-07,-7.74e-08,-1.68e-08,-6.41e-08,-2.843
L_4_R_2_Th_6_Nb_2_Th4_Len_12_Loc_235_Ox_2,0.4,0.2,0.6,2.35,1.2,0.4,0.2,269.748,1.861,61.7,-0.001861,1.37e-07,-7.54e-08,-1.82e-08,-6.17e-08,-2.831
L_4_R_2_Th_6_Nb_2_Th6_Len_12_Loc_235_Ox_2,0.4,0.2,0.6,2.35,1.2,0.6,0.2,199.348,3.876,65.4,-0.003876,1.45e-07,-7.96e-08,-1.53e-08,-6.54e-08,-2.856
L_4_R_6_Th_2_Nb_2_Th2_Len_4_Loc_265_Ox_1,0.4,0.6,0.2,2.65,0.4,0.2,0.1,253.588,1.717,83.9,-0.001717,1.65e-07,-8.07e-08,-1.18e-08,-8.39e-08,-2.838
L_4_R_6_Th_2_Nb_2_Th4_Len_4_Loc_265_Ox_1,0.4,0.6,0.2,2.65,0.4,0.4,0.1,255.668,1.522,85.9,-0.001522,1.7e-07,-8.38e-08,-9.9e-09,-8.59e-08,-2.854
L_4_R_6_Th_2_Nb_2_Th6_Len_4_Loc_265_Ox_1,0.4,0.6,0.2,2.65,0.4,0.6,0.1,257.268,1.353,80.2,-0.001353,1.57e-07,-7.68e-08,-1.42e-08,-8.02e-08,-2.815
L_4_R_4_Th_2_Nb_2_Th2_Len_4_Loc_235_Ox_1,0.4,0.4,0.2,2.35,0.4,0.2,0.1,184.308,3.945,72.6,-0.003945,1.58e-07,-8.48e-08,-1.05e-08,-7.26e-08,-2.839
L_4_R_4_Th_2_Nb_2_Th4_Len_4_Loc_235_Ox_1,0.4,0.4,0.2,2.35,0.4,0.4,0.1,199.828,2.086,71.4,-0.002086,1.56e-07,-8.43e-08,-1.12e-08,-7.14e-08,-2.834
L_4_R_4_Th_2_Nb_2_Th6_Len_4_Loc_235_Ox_1,0.4,0.4,0.2,2.35,0.4,0.6,0.1,282.548,2.165,72.1,-0.002165,1.58e-07,-8.55e-08,-1.07e-08,-7.21e-08,-2.838
L_4_R_4_Th_2_Nb_2_Th2_Len_4_Loc_265_Ox_1,0.4,0.4,0.2,2.65,0.4,0.2,0.1,179.268,3.609,69.9,-0.003609,1.42e-07,-7.16e-08,-1.58e-08,-6.99e-08,-2.813
L_4_R_4_Th_2_Nb_2_Th4_Len_4_Loc_265_Ox_1,0.4,0.4,0.2,2.65,0.4,0.4,0.1,186.868,2.107,73.2,-0.002107,1.49e-07,-7.56e-08,-1.37e-08,-7.32e-08,-2.834
L_4_R_4_Th_2_Nb_2_Th6_Len_4_Loc_265_Ox_1,0.4,0.4,0.2,2.65,0.4,0.6,0.1,260.948,2.183,73.9,-0.002183,1.51e-07,-7.68e-08,-1.33e-08,-7.39e-08,-2.838
L_4_R_4_Th_2_Nb_2_Th2_Len_4_Loc_295_Ox_1,0.4,0.4,0.2,2.95,0.4,0.2,0.1,155.908,4.096,75.1,-0.004096,1.51e-07,-7.56e-08,-1.38e-08,-7.51e-08,-2.839
L_4_R_4_Th_2_Nb_2_Th4_Len_4_Loc_295_Ox_1,0.4,0.4,0.2,2.95,0.4,0.4,0.1,163.028,2.124,73.9,-0.002124,1.49e-07,-7.47e-08,-1.46e-08,-7.39e-08,-2.834
L_4_R_4_Th_2_Nb_2_Th6_Len_4_Loc_295_Ox_1,0.4,0.4,0.2,2.95,0.4,0.6,0.1,217.428,2.193,74.6,-0.002193,1.51e-07,-7.59e-08,-1.42e-08,-7.46e-08,-2.838
L_4_R_4_Th_2_Nb_2_Th2_Len_4_Loc_325_Ox_1,0.4,0.4,0.2,3.25,0.4,0.2,0.1,127.668,4.106,75.2,-0.004106,1.51e-07,-7.54e-08,-1.67e-08,-7.52e-08,-2.839
L_4_R_4_Th_2_Nb_2_Th4_Len_4_Loc_325_Ox_1,0.4,0.4,0.2,3.25,0.4,0.4,0.1,138.108,2.127,74.1,-0.002127,1.49e-07,-7.45e-08,-1.76e-08,-7.41e-08,-2.834
L_4_R_4_Th_2_Nb_2_Th4_Len_4_Loc_235_Ox_2,0.4,0.4,0.2,2.35,0.4,0.4,0.2,270.068,2.196,72.9,-0.002196,1.52e-07,-7.93e-08,-5.36e-09,-7.29e-08,-2.832
L_4_R_4_Th_2_Nb_2_Th6_Len_4_Loc_235_Ox_2,0.4,0.4,0.2,2.35,0.4,0.6,0.2,189.108,3.75,74.7,-0.00375,1.57e-07,-8.22e-08,-3.78e-09,-7.47e-08,-2.848
L_4_R_4_Th_2_Nb_2_Th2_Len_4_Loc_265_Ox_2,0.4,0.4,0.2,2.65,0.4,0.2,0.2,181.908,5.63,76.1,-0.00563,1.55e-07,-7.84e-08,-5.28e-09,-7.61e-08,-2.851
L_4_R_4_Th_2_Nb_2_Th4_Len_4_Loc_265_Ox_2,0.4,0.4,0.2,2.65,0.4,0.4,0.2,272.628,2.202,74.0,-0.002202,1.49e-07,-7.51e-08,-7.29e-09,-7.4e-08,-2.832
L_4_R_4_Th_2_Nb_2_Th6_Len_4_Loc_265_Ox_2,0.4,0.4,0.2,2.65,0.4,0.6,0.2,191.188,3.362,72.7,-0.003362,1.47e-07,-7.44e-08,-7.88e-09,-7.27e-08,-2.829
L_4_R_4_Th_2_Nb_2_Th2_Len_4_Loc_295_Ox_2,0.4,0.4,0.2,2.95,0.4,0.2,0.2,43.508,5.691,76.5,-0.005691,1.55e-07,-7.79e-08,-5.83e-09,-7.65e-08,-2.851
L_4_R_4_Th_2_Nb_2_Th4_Len_4_Loc_295_Ox_2,0.4,0.4,0.2,2.95,0.4,0.4,0.2,261.988,2.212,74.4,-0.002212,1.49e-07,-7.46e-08,-7.74e-09,-7.44e-08,-2.832
L_4_R_4_Th_2_Nb_2_Th6_Len_4_Loc_295_Ox_2,0.4,0.4,0.2,2.95,0.4,0.6,0.2,175.268,3.351,73.1,-0.003351,1.47e-07,-7.39e-08,-8.35e-09,-7.31e-08,-2.829
L_4_R_4_Th_2_Nb_2_Th2_Len_4_Loc_325_Ox_2,0.4,0.4,0.2,3.25,0.4,0.2,0.2,42.868,5.721,76.6,-0.005721,1.55e-07,-7.78e-08,-7.36e-09,-7.66e-08,-2.851
L_4_R_4_Th_2_Nb_2_Th4_Len_4_Loc_325_Ox_2,0.4,0.4,0.2,3.25,0.4,0.4,0.2,240.308,2.213,74.5,-0.002213,1.49e-07,-7.45e-08,-9.33e-09,-7.45e-08,-2.832
L_4_R_4_Th_2_Nb_2_Th6_Len_4_Loc_325_Ox_2,0.4,0.4,0.2,3.25,0.4,0.6,0.2,156.628,3.354,73.2,-0.003354,1.47e-07,-7.38e-08,-9.88e-09,-7.32e-08,-2.829
L_4_R_4_Th_2_Nb_2_Th2_Len_8_Loc_235_Ox_1,0.4,0.4,0.2,2.35,0.8,0.2,0.1,172.468,3.937,72.6,-0.003937,1.58e-07,-8.48e-08,-1.89e-08,-7.26e-08,-2.839
L_4_R_4_Th_2_Nb_2_Th4_Len_8_Loc_235_Ox_1,0.4,0.4,0.2,2.35,0.8,0.4,0.1,181.108,2.085,71.4,-0.002085,1.56e-07,-8.43e-08,-1.96e-08,-7.14e-08,-2.834
L_4_R_4_Th_2_Nb_2_Th6_Len_8_Loc_235_Ox_1,0.4,0.4,0.2,2.35,0.8,0.6,0.1,247.828,2.166,72.1,-0.002166,1.58e-07,-8.55e-08,-1.91e-08,-7.21e-08,-2.838
L_4_R_4_Th_2_Nb_2_Th2_Len_8_Loc_265_Ox_1,0.4,0.4,0.2,2.65,0.8,0.2,0.1,149.028,4.054,74.4,-0.004054,1.51e-07,-7.65e-08,-2.18e-08,-7.44e-08,-2.839
L_4_R_4_Th_2_Nb_2_Th4_Len_8_Loc_265_Ox_1,0.4,0.4,0.2,2.65,0.8,0.4,0.1,157.108,2.106,73.2,-0.002106,1.49e-07,-7.56e-08,-2.25e-08,-7.32e-08,-2.834
L_4_R_4_Th_2_Nb_2_Th6_Len_8_Loc_265_Ox_1,0.4,0.4,0.2,2.65,0.8,0.6,0.1,208.788,2.18,73.8,-0.00218,1.51e-07,-7.68e-08,-2.2e-08,-7.38e-08,-2.838
L_4_R_4_Th_2_Nb_2_Th2_Len_8_Loc_235_Ox_2,0.4,0.4,0.2,2.35,0.8,0.2,0.2,181.108,5.656,75.1,-0.005656,1.58e-07,-8.27e-08,-8.51e-09,-7.51e-08,-2.851
L_4_R_4_Th_2_Nb_2_Th4_Len_8_Loc_235_Ox_2,0.4,0.4,0.2,2.35,0.8,0.4,0.2,276.628,2.195,72.9,-0.002195,1.52e-07,-7.93e-08,-1.05e-08,-7.29e-08,-2.832
L_4_R_4_Th_2_Nb_2_Th6_Len_8_Loc_235_Ox_2,0.4,0.4,0.2,2.35,0.8,0.6,0.2,273.588,2.233,74.3,-0.002233,1.56e-07,-8.11e-08,-9.48e-09,-7.43e-08,-2.843
L_4_R_4_Th_2_Nb_2_Th2_Len_8_Loc_265_Ox_2,0.4,0.4,0.2,2.65,0.8,0.2,0.2,171.028,5.629,76.1,-0.005629,1.55e-07,-7.84e-08,-1.05e-08,-7.61e-08,-2.851
L_4_R_4_Th_2_Nb_2_Th4_Len_8_Loc_265_Ox_2,0.4,0.4,0.2,2.65,0.8,0.4,0.2,258.868,2.186,74.0,-0.002186,1.49e-07,-7.51e-08,-1.26e-08,-7.4e-08,-2.832
L_4_R_4_Th_2_Nb_2_Th6_Len_8_Loc_265_Ox_2,0.4,0.4,0.2,2.65,0.8,0.6,0.2,184.948,3.361,72.7,-0.003361,1.47e-07,-7.44e-08,-1.31e-08,-7.27e-08,-2.829
L_4_R_4_Th_2_Nb_2_Th2_Len_12_Loc_235_Ox_1,0.4,0.4,0.2,2.35,1.2,0.2,0.1,140.468,3.942,72.6,-0.003942,1.58e-07,-8.48e-08,-2.87e-08,-7.26e-08,-2.839
L_4_R_4_Th_2_Nb_2_Th4_Len_12_Loc_235_Ox_1,0.4,0.4,0.2,2.35,1.2,0.4,0.1,148.628,2.083,71.4,-0.002083,1.56e-07,-8.43e-08,-2.96e-08,-7.14e-08,-2.834
L_4_R_4_Th_2_Nb_2_Th6_Len_12_Loc_235_Ox_1,0.4,0.4,0.2,2.35,1.2,0.6,0.1,194.068,2.165,72.1,-0.002165,1.58e-07,-8.55e-08,-2.9e-08,-7.21e-08,-2.838
L_4_R_4_Th_2_Nb_2_Th2_Len_12_Loc_235_Ox_2,0.4,0.4,0.2,2.35,1.2,0.2,0.2,176.628,4.899,75.1,-0.004899,1.58e-07,-8.27e-08,-1.42e-08,-7.51e-08,-2.851
L_4_R_4_Th_2_Nb_2_Th4_Len_12_Loc_235_Ox_2,0.4,0.4,0.2,2.35,1.2,0.4,0.2,253.748,2.195,72.9,-0.002195,1.52e-07,-7.93e-08,-1.62e-08,-7.29e-08,-2.832
L_4_R_4_Th_2_Nb_2_Th6_Len_12_Loc_235_Ox_2,0.4,0.4,0.2,2.35,1.2,0.6,0.2,249.588,2.233,74.3,-0.002233,1.56e-07,-8.11e-08,-1.51e-08,-7.43e-08,-2.843
L_4_R_4_Th_4_Nb_2_Th2_Len_4_Loc_235_Ox_1,0.4,0.4,0.4,2.35,0.4,0.2,0.1,277.748,1.867,66.9,-0.001867,1.5e-07,-8.31e-08,-1.38e-08,-6.69e-08,-2.807
L_4_R_4_Th_4_Nb_2_Th4_Len_4_Loc_235_Ox_1,0.4,0.4,0.4,2.35,0.4,0.4,0.1,278.068,2.189,72.1,-0.002189,1.64e-07,-9.21e-08,-1.07e-08,-7.21e-08,-2.838
L_4_R_4_Th_4_Nb_2_Th6_Len_4_Loc_235_Ox_1,0.4,0.4,0.4,2.35,0.4,0.6,0.1,274.628,2.289,74.4,-0.002289,1.7e-07,-9.51e-08,-8.76e-09,-7.44e-08,-2.854
L_4_R_4_Th_4_Nb_2_Th2_Len_4_Loc_265_Ox_1,0.4,0.4,0.4,2.65,0.4,0.2,0.1,189.108,2.079,73.4,-0.002079,1.49e-07,-7.58e-08,-1.37e-08,-7.34e-08,-2.834
L_4_R_4_Th_4_Nb_2_Th4_Len_4_Loc_265_Ox_1,0.4,0.4,0.4,2.65,0.4,0.4,0.1,259.828,2.008,69.4,-0.002008,1.41e-07,-7.18e-08,-1.6e-08,-6.94e-08,-2.81
L_4_R_4_Th_4_Nb_2_Th6_Len_4_Loc_265_Ox_1,0.4,0.4,0.4,2.65,0.4,0.6,0.1,258.228,2.095,71.6,-0.002095,1.46e-07,-7.42e-08,-1.48e-08,-7.16e-08,-2.824
L_4_R_4_Th_4_Nb_2_Th2_Len_4_Loc_295_Ox_1,0.4,0.4,0.4,2.95,0.4,0.2,0.1,215.268,1.898,69.6,-0.001898,1.4e-07,-6.99e-08,-1.72e-08,-6.96e-08,-2.807
L_4_R_4_Th_4_Nb_2_Th4_Len_4_Loc_295_Ox_1,0.4,0.4,0.4,2.95,0.4,0.4,0.1,218.148,2.035,70.2,-0.002035,1.41e-07,-7.08e-08,-1.69e-08,-7.02e-08,-2.81
L_4_R_4_Th_4_Nb_2_Th6_Len_4_Loc_295_Ox_1,0.4,0.4,0.4,2.95,0.4,0.6,0.1,211.348,2.322,76.9,-0.002322,1.56e-07,-7.87e-08,-1.22e-08,-7.69e-08,-2.854
L_4_R_4_Th_4_Nb_2_Th2_Len_4_Loc_325_Ox_1,0.4,0.4,0.4,3.25,0.4,0.2,0.1,140.748,2.096,74.3,-0.002096,1.49e-07,-7.47e-08,-1.73e-08,-7.43e-08,-2.834
L_4_R_4_Th_4_Nb_2_Th2_Len_4_Loc_235_Ox_2,0.4,0.4,0.4,2.35,0.4,0.2,0.2,271.188,2.228,73.1,-0.002228,1.56e-07,-8.28e-08,-5.24e-09,-7.31e-08,-2.833
L_4_R_4_Th_4_Nb_2_Th4_Len_4_Loc_235_Ox_2,0.4,0.4,0.4,2.35,0.4,0.4,0.2,191.668,3.603,71.8,-0.003603,1.54e-07,-8.22e-08,-5.78e-09,-7.18e-08,-2.829
L_4_R_4_Th_4_Nb_2_Th6_Len_4_Loc_235_Ox_2,0.4,0.4,0.4,2.35,0.4,0.6,0.2,199.908,2.371,72.1,-0.002371,1.55e-07,-8.24e-08,-5.63e-09,-7.21e-08,-2.83
L_4_R_4_Th_4_Nb_2_Th2_Len_4_Loc_265_Ox_2,0.4,0.4,0.4,2.65,0.4,0.2,0.2,271.188,2.217,74.1,-0.002217,1.5e-07,-7.53e-08,-7.24e-09,-7.41e-08,-2.833
L_4_R_4_Th_4_Nb_2_Th4_Len_4_Loc_265_Ox_2,0.4,0.4,0.4,2.65,0.4,0.4,0.2,191.348,3.587,72.9,-0.003587,1.48e-07,-7.47e-08,-7.84e-09,-7.29e-08,-2.829
L_4_R_4_Th_4_Nb_2_Th6_Len_4_Loc_265_Ox_2,0.4,0.4,0.4,2.65,0.4,0.6,0.2,271.668,2.191,73.4,-0.002191,1.49e-07,-7.52e-08,-7.52e-09,-7.34e-08,-2.832
L_4_R_4_Th_4_Nb_2_Th2_Len_4_Loc_295_Ox_2,0.4,0.4,0.4,2.95,0.4,0.2,0.2,260.388,2.241,74.6,-0.002241,1.49e-07,-7.48e-08,-7.71e-09,-7.46e-08,-2.833
L_4_R_4_Th_4_Nb_2_Th4_Len_4_Loc_295_Ox_2,0.4,0.4,0.4,2.95,0.4,0.4,0.2,173.588,3.619,73.3,-0.003619,1.48e-07,-7.42e-08,-8.33e-09,-7.33e-08,-2.829
L_4_R_4_Th_4_Nb_2_Th6_Len_4_Loc_295_Ox_2,0.4,0.4,0.4,2.95,0.4,0.6,0.2,259.908,2.204,73.9,-0.002204,1.49e-07,-7.47e-08,-8.04e-09,-7.39e-08,-2.832
L_4_R_4_Th_4_Nb_2_Th2_Len_4_Loc_325_Ox_2,0.4,0.4,0.4,3.25,0.4,0.2,0.2,241.268,2.243,74.7,-0.002243,1.49e-07,-7.47e-08,-9.3e-09,-7.47e-08,-2.833
L_4_R_4_Th_4_Nb_2_Th4_Len_4_Loc_325_Ox_2,0.4,0.4,0.4,3.25,0.4,0.4,0.2,155.028,3.63,73.4,-0.00363,1.48e-07,-7.41e-08,-9.86e-09,-7.34e-08,-2.829
L_4_R_4_Th_4_Nb_2_Th6_Len_4_Loc_325_Ox_2,0.4,0.4,0.4,3.25,0.4,0.6,0.2,241.268,2.201,73.9,-0.002201,1.49e-07,-7.46e-08,-9.54e-09,-7.39e-08,-2.832
L_4_R_4_Th_4_Nb_2_Th2_Len_8_Loc_235_Ox_1,0.4,0.4,0.4,2.35,0.8,0.2,0.1,241.908,1.866,66.9,-0.001866,1.5e-07,-8.31e-08,-2.23e-08,-6.69e-08,-2.807
L_4_R_4_Th_4_Nb_2_Th4_Len_8_Loc_235_Ox_1,0.4,0.4,0.4,2.35,0.8,0.4,0.1,243.348,2.19,72.1,-0.00219,1.64e-07,-9.21e-08,-1.9e-08,-7.21e-08,-2.838
L_4_R_4_Th_4_Nb_2_Th6_Len_8_Loc_235_Ox_1,0.4,0.4,0.4,2.35,0.8,0.6,0.1,242.388,2.289,74.4,-0.002289,1.7e-07,-9.51e-08,-1.71e-08,-7.44e-08,-2.854
L_4_R_4_Th_4_Nb_2_Th2_Len_8_Loc_265_Ox_1,0.4,0.4,0.4,2.65,0.8,0.2,0.1,157.908,2.078,73.4,-0.002078,1.49e-07,-7.58e-08,-2.24e-08,-7.34e-08,-2.834
L_4_R_4_Th_4_Nb_2_Th4_Len_8_Loc_265_Ox_1,0.4,0.4,0.4,2.65,0.8,0.4,0.1,205.588,2.202,74.0,-0.002202,1.51e-07,-7.69e-08,-2.2e-08,-7.4e-08,-2.838
L_4_R_4_Th_4_Nb_2_Th6_Len_8_Loc_265_Ox_1,0.4,0.4,0.4,2.65,0.8,0.6,0.1,207.988,2.093,71.6,-0.002093,1.46e-07,-7.42e-08,-2.36e-08,-7.16e-08,-2.824
L_4_R_4_Th_4_Nb_2_Th2_Len_8_Loc_235_Ox_2,0.4,0.4,0.4,2.35,0.8,0.2,0.2,275.188,2.226,73.1,-0.002226,1.56e-07,-8.29e-08,-1.04e-08,-7.31e-08,-2.833
L_4_R_4_Th_4_Nb_2_Th4_Len_8_Loc_235_Ox_2,0.4,0.4,0.4,2.35,0.8,0.4,0.2,190.388,3.601,71.8,-0.003601,1.54e-07,-8.22e-08,-1.1e-08,-7.18e-08,-2.829
L_4_R_4_Th_4_Nb_2_Th6_Len_8_Loc_235_Ox_2,0.4,0.4,0.4,2.35,0.8,0.6,0.2,201.188,2.368,72.1,-0.002368,1.55e-07,-8.24e-08,-1.09e-08,-7.21e-08,-2.83
L_4_R_4_Th_4_Nb_2_Th2_Len_8_Loc_265_Ox_2,0.4,0.4,0.4,2.65,0.8,0.2,0.2,259.348,2.232,74.1,-0.002232,1.5e-07,-7.53e-08,-1.25e-08,-7.41e-08,-2.833
L_4_R_4_Th_4_Nb_2_Th4_Len_8_Loc_265_Ox_2,0.4,0.4,0.4,2.65,0.8,0.4,0.2,183.828,3.612,72.9,-0.003612,1.48e-07,-7.47e-08,-1.31e-08,-7.29e-08,-2.829
L_4_R_4_Th_4_Nb_2_Th6_Len_8_Loc_265_Ox_2,0.4,0.4,0.4,2.65,0.8,0.6,0.2,257.588,2.19,73.4,-0.00219,1.49e-07,-7.52e-08,-1.28e-08,-7.34e-08,-2.832
L_4_R_4_Th_4_Nb_2_Th2_Len_12_Loc_235_Ox_1,0.4,0.4,0.4,2.35,1.2,0.2,0.1,188.788,1.866,66.9,-0.001866,1.5e-07,-8.31e-08,-3.22e-08,-6.69e-08,-2.807
L_4_R_4_Th_4_Nb_2_Th4_Len_12_Loc_235_Ox_1,0.4,0.4,0.4,2.35,1.2,0.4,0.1,193.748,2.174,72.1,-0.002174,1.64e-07,-9.21e-08,-2.9e-08,-7.21e-08,-2.838
L_4_R_4_Th_4_Nb_2_Th6_Len_12_Loc_235_Ox_1,0.4,0.4,0.4,2.35,1.2,0.6,0.1,189.108,2.288,74.4,-0.002288,1.7e-07,-9.51e-08,-2.69e-08,-7.44e-08,-2.854
L_4_R_4_Th_4_Nb_2_Th2_Len_12_Loc_235_Ox_2,0.4,0.4,0.4,2.35,1.2,0.2,0.2,254.868,2.227,73.1,-0.002227,1.56e-07,-8.29e-08,-1.61e-08,-7.31e-08,-2.833
L_4_R_4_Th_4_Nb_2_Th4_Len_12_Loc_235_Ox_2,0.4,0.4,0.4,2.35,1.2,0.4,0.2,187.668,3.601,71.8,-0.003601,1.54e-07,-8.22e-08,-1.67e-08,-7.18e-08,-2.829
L_4_R_4_Th_4_Nb_2_Th6_Len_12_Loc_235_Ox_2,0.4,0.4,0.4,2.35,1.2,0.6,0.2,198.628,2.368,72.1,-0.002368,1.55e-07,-8.24e-08,-1.65e-08,-7.21e-08,-2.83
L_4_R_4_Th_6_Nb_2_Th2_Len_4_Loc_235_Ox_1,0.4,0.4,0.6,2.35,0.4,0.2,0.1,200.628,2.09,72.1,-0.00209,1.62e-07,-8.96e-08,-1.06e-08,-7.21e-08,-2.838
L_4_R_4_Th_6_Nb_2_Th4_Len_4_Loc_235_Ox_1,0.4,0.4,0.6,2.35,0.4,0.4,0.1,204.948,2.335,74.4,-0.002335,1.73e-07,-9.87e-08,-8.71e-09,-7.44e-08,-2.854
L_4_R_4_Th_6_Nb_2_Th6_Len_4_Loc_235_Ox_1,0.4,0.4,0.6,2.35,0.4,0.6,0.1,273.908,2.248,73.1,-0.002248,1.73e-07,-1e-07,-9.88e-09,-7.31e-08,-2.844
L_4_R_4_Th_6_Nb_2_Th2_Len_4_Loc_265_Ox_1,0.4,0.4,0.6,2.65,0.4,0.2,0.1,189.428,2.11,74.0,-0.00211,1.51e-07,-7.7e-08,-1.32e-08,-7.4e-08,-2.838
L_4_R_4_Th_6_Nb_2_Th4_Len_4_Loc_265_Ox_1,0.4,0.4,0.6,2.65,0.4,0.4,0.1,252.628,2.355,76.2,-0.002355,1.56e-07,-7.97e-08,-1.13e-08,-7.62e-08,-2.854
L_4_R_4_Th_6_Nb_2_Th6_Len_4_Loc_265_Ox_1,0.4,0.4,0.6,2.65,0.4,0.6,0.1,253.268,2.246,74.9,-0.002246,1.53e-07,-7.81e-08,-1.25e-08,-7.49e-08,-2.844
L_4_R_4_Th_6_Nb_2_Th2_Len_4_Loc_295_Ox_1,0.4,0.4,0.6,2.95,0.4,0.2,0.1,163.188,2.121,74.8,-0.002121,1.51e-07,-7.6e-08,-1.41e-08,-7.48e-08,-2.838
L_4_R_4_Th_6_Nb_2_Th4_Len_4_Loc_295_Ox_1,0.4,0.4,0.6,2.95,0.4,0.4,0.1,210.868,2.368,77.0,-0.002368,1.56e-07,-7.87e-08,-1.22e-08,-7.7e-08,-2.854
L_4_R_4_Th_6_Nb_2_Th6_Len_4_Loc_295_Ox_1,0.4,0.4,0.6,2.95,0.4,0.6,0.1,213.268,2.278,75.6,-0.002278,1.53e-07,-7.71e-08,-1.34e-08,-7.56e-08,-2.844
L_4_R_4_Th_6_Nb_2_Th2_Len_4_Loc_325_Ox_1,0.4,0.4,0.6,3.25,0.4,0.2,0.1,138.228,2.201,74.9,-0.002201,1.51e-07,-7.59e-08,-1.68e-08,-7.49e-08,-2.838
L_4_R_6_Th_2_Nb_2_Th2_Len_4_Loc_295_Ox_1,0.4,0.6,0.2,2.95,0.4,0.2,0.1,223.028,1.726,85.5,-0.001726,1.62e-07,-7.64e-08,-1.36e-08,-8.55e-08,-2.838
L_4_R_6_Th_2_Nb_2_Th6_Len_4_Loc_295_Ox_1,0.4,0.6,0.2,2.95,0.4,0.6,0.1,220.548,1.69,86.2,-0.00169,1.64e-07,-7.75e-08,-1.29e-08,-8.62e-08,-2.844
L_4_R_4_Th_6_Nb_2_Th2_Len_4_Loc_235_Ox_2,0.4,0.4,0.6,2.35,0.4,0.2,0.2,189.508,3.862,71.9,-0.003862,1.58e-07,-8.55e-08,-5.74e-09,-7.19e-08,-2.829
L_4_R_4_Th_6_Nb_2_Th4_Len_4_Loc_235_Ox_2,0.4,0.4,0.6,2.35,0.4,0.4,0.2,192.548,3.705,72.4,-0.003705,1.59e-07,-8.61e-08,-5.43e-09,-7.24e-08,-2.832
L_4_R_4_Th_6_Nb_2_Th6_Len_4_Loc_235_Ox_2,0.4,0.4,0.6,2.35,0.4,0.6,0.2,199.828,2.7,75.7,-0.0027,1.66e-07,-9.01e-08,-2.74e-09,-7.57e-08,-2.856
L_4_R_4_Th_6_Nb_2_Th2_Len_4_Loc_265_Ox_2,0.4,0.4,0.6,2.65,0.4,0.2,0.2,186.948,3.881,72.9,-0.003881,1.48e-07,-7.47e-08,-7.81e-09,-7.29e-08,-2.829
L_4_R_4_Th_6_Nb_2_Th4_Len_4_Loc_265_Ox_2,0.4,0.4,0.6,2.65,0.4,0.4,0.2,191.028,3.716,73.4,-0.003716,1.49e-07,-7.53e-08,-7.48e-09,-7.34e-08,-2.832
L_4_R_4_Th_6_Nb_2_Th6_Len_4_Loc_265_Ox_2,0.4,0.4,0.6,2.65,0.4,0.6,0.2,271.348,2.214,75.5,-0.002214,1.53e-07,-7.71e-08,-6.19e-09,-7.55e-08,-2.843
L_4_R_4_Th_6_Nb_2_Th2_Len_4_Loc_295_Ox_2,0.4,0.4,0.6,2.95,0.4,0.2,0.2,170.868,3.9,73.4,-0.0039,1.48e-07,-7.41e-08,-8.31e-09,-7.34e-08,-2.829
L_4_R_4_Th_6_Nb_2_Th4_Len_4_Loc_295_Ox_2,0.4,0.4,0.6,2.95,0.4,0.4,0.2,173.668,3.743,73.9,-0.003743,1.49e-07,-7.48e-08,-7.98e-09,-7.39e-08,-2.832
L_4_R_4_Th_6_Nb_2_Th6_Len_4_Loc_295_Ox_2,0.4,0.4,0.6,2.95,0.4,0.6,0.2,257.988,2.223,75.9,-0.002223,1.53e-07,-7.66e-08,-6.71e-09,-7.59e-08,-2.843
L_4_R_4_Th_6_Nb_2_Th2_Len_4_Loc_325_Ox_2,0.4,0.4,0.6,3.25,0.4,0.2,0.2,150.468,3.977,73.5,-0.003977,1.48e-07,-7.41e-08,-9.83e-09,-7.35e-08,-2.829
L_4_R_4_Th_6_Nb_2_Th4_Len_4_Loc_325_Ox_2,0.4,0.4,0.6,3.25,0.4,0.4,0.2,153.908,3.747,74.0,-0.003747,1.49e-07,-7.47e-08,-9.5e-09,-7.4e-08,-2.832
L_4_R_4_Th_6_Nb_2_Th6_Len_4_Loc_325_Ox_2,0.4,0.4,0.6,3.25,0.4,0.6,0.2,238.708,2.224,76.0,-0.002224,1.53e-07,-7.65e-08,-8.23e-09,-7.6e-08,-2.843
L_4_R_4_Th_6_Nb_2_Th2_Len_8_Loc_235_Ox_1,0.4,0.4,0.6,2.35,0.8,0.2,0.1,181.428,2.093,72.1,-0.002093,1.62e-07,-8.96e-08,-1.9e-08,-7.21e-08,-2.838
L_4_R_4_Th_6_Nb_2_Th4_Len_8_Loc_235_Ox_1,0.4,0.4,0.6,2.35,0.8,0.4,0.1,242.388,2.334,74.4,-0.002334,1.73e-07,-9.87e-08,-1.7e-08,-7.44e-08,-2.854
L_4_R_4_Th_6_Nb_2_Th6_Len_8_Loc_235_Ox_1,0.4,0.4,0.6,2.35,0.8,0.6,0.1,240.468,2.245,73.1,-0.002245,1.73e-07,-1e-07,-1.82e-08,-7.31e-08,-2.844
L_4_R_4_Th_6_Nb_2_Th2_Len_8_Loc_265_Ox_1,0.4,0.4,0.6,2.65,0.8,0.2,0.1,156.148,2.184,74.0,-0.002184,1.51e-07,-7.7e-08,-2.19e-08,-7.4e-08,-2.838
L_4_R_4_Th_6_Nb_2_Th4_Len_8_Loc_265_Ox_1,0.4,0.4,0.6,2.65,0.8,0.4,0.1,158.228,2.356,76.2,-0.002356,1.56e-07,-7.97e-08,-2e-08,-7.62e-08,-2.854
L_4_R_4_Th_6_Nb_2_Th6_Len_8_Loc_265_Ox_1,0.4,0.4,0.6,2.65,0.8,0.6,0.1,205.428,2.263,74.9,-0.002263,1.53e-07,-7.81e-08,-2.12e-08,-7.49e-08,-2.844
L_4_R_4_Th_6_Nb_2_Th2_Len_8_Loc_235_Ox_2,0.4,0.4,0.6,2.35,0.8,0.2,0.2,188.868,3.867,71.9,-0.003867,1.58e-07,-8.56e-08,-1.1e-08,-7.19e-08,-2.829
L_4_R_4_Th_6_Nb_2_Th4_Len_8_Loc_235_Ox_2,0.4,0.4,0.6,2.35,0.8,0.4,0.2,190.068,3.703,72.4,-0.003703,1.59e-07,-8.62e-08,-1.06e-08,-7.24e-08,-2.832
L_4_R_4_Th_6_Nb_2_Th6_Len_8_Loc_235_Ox_2,0.4,0.4,0.6,2.35,0.8,0.6,0.2,201.428,2.698,75.7,-0.002698,1.66e-07,-9.02e-08,-7.86e-09,-7.57e-08,-2.856
L_4_R_4_Th_6_Nb_2_Th2_Len_8_Loc_265_Ox_2,0.4,0.4,0.6,2.65,0.8,0.2,0.2,179.908,3.963,72.9,-0.003963,1.48e-07,-7.47e-08,-1.31e-08,-7.29e-08,-2.829
L_4_R_4_Th_6_Nb_2_Th4_Len_8_Loc_265_Ox_2,0.4,0.4,0.6,2.65,0.8,0.4,0.2,183.988,3.715,73.4,-0.003715,1.49e-07,-7.53e-08,-1.27e-08,-7.34e-08,-2.832
L_4_R_4_Th_6_Nb_2_Th6_Len_8_Loc_265_Ox_2,0.4,0.4,0.6,2.65,0.8,0.6,0.2,253.908,2.213,75.5,-0.002213,1.53e-07,-7.71e-08,-1.14e-08,-7.55e-08,-2.843
L_4_R_4_Th_6_Nb_2_Th2_Len_12_Loc_235_Ox_1,0.4,0.4,0.6,2.35,1.2,0.2,0.1,148.308,2.169,72.1,-0.002169,1.62e-07,-8.96e-08,-2.88e-08,-7.21e-08,-2.838
L_4_R_4_Th_6_Nb_2_Th4_Len_12_Loc_235_Ox_1,0.4,0.4,0.6,2.35,1.2,0.4,0.1,189.108,2.333,74.4,-0.002333,1.73e-07,-9.87e-08,-2.69e-08,-7.44e-08,-2.854
L_4_R_4_Th_6_Nb_2_Th6_Len_12_Loc_235_Ox_1,0.4,0.4,0.6,2.35,1.2,0.6,0.1,191.348,2.024,68.5,-0.002024,1.64e-07,-9.5e-08,-3.15e-08,-6.85e-08,-2.815
L_4_R_4_Th_6_Nb_2_Th2_Len_12_Loc_235_Ox_2,0.4,0.4,0.6,2.35,1.2,0.2,0.2,185.028,3.867,71.9,-0.003867,1.58e-07,-8.56e-08,-1.66e-08,-7.19e-08,-2.829
L_4_R_4_Th_6_Nb_2_Th4_Len_12_Loc_235_Ox_2,0.4,0.4,0.6,2.35,1.2,0.4,0.2,185.908,3.702,72.4,-0.003702,1.59e-07,-8.62e-08,-1.63e-08,-7.24e-08,-2.832
L_4_R_4_Th_6_Nb_2_Th6_Len_12_Loc_235_Ox_2,0.4,0.4,0.6,2.35,1.2,0.6,0.2,199.188,2.697,75.7,-0.002697,1.66e-07,-9.02e-08,-1.34e-08,-7.57e-08,-2.856
L_4_R_8_Th_2_Nb_2_Th2_Len_4_Loc_295_Ox_1,0.4,0.8,0.2,2.95,0.4,0.2,0.1,159.028,2.319,95.9,-0.002319,1.74e-07,-7.81e-08,-1.24e-08,-9.59e-08,-2.839
L_4_R_8_Th_2_Nb_2_Th4_Len_4_Loc_295_Ox_1,0.4,0.8,0.2,2.95,0.4,0.4,0.1,209.668,1.577,90.4,-0.001577,1.63e-07,-7.21e-08,-1.59e-08,-9.04e-08,-2.806
L_4_R_8_Th_2_Nb_2_Th6_Len_4_Loc_295_Ox_1,0.4,0.8,0.2,2.95,0.4,0.6,0.1,205.108,1.809,95.5,-0.001809,1.74e-07,-7.83e-08,-1.26e-08,-9.55e-08,-2.838
L_4_R_8_Th_2_Nb_2_Th2_Len_4_Loc_325_Ox_1,0.4,0.8,0.2,3.25,0.4,0.2,0.1,135.908,2.537,92.7,-0.002537,1.64e-07,-7.11e-08,-1.9e-08,-9.27e-08,-2.813
L_4_R_8_Th_2_Nb_2_Th4_Len_4_Loc_325_Ox_1,0.4,0.8,0.2,3.25,0.4,0.4,0.1,160.392,1.608,91.5,-0.001608,1.62e-07,-7e-08,-1.98e-08,-9.15e-08,-2.806
L_4_R_8_Th_2_Nb_2_Th6_Len_4_Loc_325_Ox_1,0.4,0.8,0.2,3.25,0.4,0.6,0.1,161.748,1.818,96.7,-0.001818,1.73e-07,-7.63e-08,-1.66e-08,-9.67e-08,-2.838
L_4_R_8_Th_2_Nb_2_Th2_Len_4_Loc_295_Ox_2,0.4,0.8,0.2,2.95,0.4,0.2,0.2,164.308,2.849,97.7,-0.002849,1.77e-07,-7.94e-08,-4.65e-09,-9.77e-08,-2.851
L_4_R_8_Th_2_Nb_2_Th4_Len_4_Loc_295_Ox_2,0.4,0.8,0.2,2.95,0.4,0.4,0.2,268.628,0.9505,95.6,-0.0009505,1.72e-07,-7.59e-08,-6.72e-09,-9.56e-08,-2.832
L_4_R_8_Th_2_Nb_2_Th6_Len_4_Loc_295_Ox_2,0.4,0.8,0.2,2.95,0.4,0.6,0.2,174.308,1.764,94.4,-0.001764,1.7e-07,-7.52e-08,-7.4e-09,-9.44e-08,-2.829
L_4_R_8_Th_2_Nb_2_Th2_Len_4_Loc_325_Ox_2,0.4,0.8,0.2,3.25,0.4,0.2,0.2,146.868,2.846,98.3,-0.002846,1.77e-07,-7.85e-08,-6.84e-09,-9.83e-08,-2.851
L_4_R_8_Th_2_Nb_2_Th4_Len_4_Loc_325_Ox_2,0.4,0.8,0.2,3.25,0.4,0.4,0.2,251.028,0.974,96.3,-0.000974,1.71e-07,-7.49e-08,-8.94e-09,-9.63e-08,-2.832
L_4_R_8_Th_2_Nb_2_Th6_Len_4_Loc_325_Ox_2,0.4,0.8,0.2,3.25,0.4,0.6,0.2,167.428,1.752,95.1,-0.001752,1.69e-07,-7.42e-08,-9.55e-09,-9.51e-08,-2.829
L_4_R_8_Th_4_Nb_2_Th2_Len_4_Loc_295_Ox_1,0.4,0.8,0.4,2.95,0.4,0.2,0.1,165.028,1.616,90.4,-0.001616,1.63e-07,-7.27e-08,-1.58e-08,-9.04e-08,-2.806
L_4_R_8_Th_4_Nb_2_Th4_Len_4_Loc_295_Ox_1,0.4,0.8,0.4,2.95,0.4,0.4,0.1,167.988,1.874,95.6,-0.001874,1.75e-07,-7.91e-08,-1.26e-08,-9.56e-08,-2.838
L_4_R_8_Th_4_Nb_2_Th6_Len_4_Loc_295_Ox_1,0.4,0.8,0.4,2.95,0.4,0.6,0.1,223.028,0.9712,97.4,-0.0009712,1.79e-07,-8.19e-08,-1.06e-08,-9.74e-08,-2.854
L_4_R_8_Th_4_Nb_2_Th2_Len_4_Loc_325_Ox_1,0.4,0.8,0.4,3.25,0.4,0.2,0.1,139.108,1.62,91.7,-0.00162,1.62e-07,-7.02e-08,-1.96e-08,-9.17e-08,-2.806
L_4_R_8_Th_4_Nb_2_Th4_Len_4_Loc_325_Ox_1,0.4,0.8,0.4,3.25,0.4,0.4,0.1,160.148,1.698,92.4,-0.001698,1.64e-07,-7.12e-08,-1.95e-08,-9.24e-08,-2.81
L_4_R_8_Th_4_Nb_2_Th2_Len_4_Loc_295_Ox_2,0.4,0.8,0.4,2.95,0.4,0.2,0.2,268.308,0.9754,95.7,-0.0009754,1.72e-07,-7.62e-08,-6.65e-09,-9.57e-08,-2.832
L_4_R_8_Th_4_Nb_2_Th4_Len_4_Loc_295_Ox_2,0.4,0.8,0.4,2.95,0.4,0.4,0.2,171.748,1.769,94.5,-0.001769,1.7e-07,-7.55e-08,-7.34e-09,-9.45e-08,-2.829
L_4_R_8_Th_4_Nb_2_Th6_Len_4_Loc_295_Ox_2,0.4,0.8,0.4,2.95,0.4,0.6,0.2,239.828,1.572,90.5,-0.001572,1.61e-07,-7.07e-08,-9.67e-09,-9.05e-08,-2.803
L_4_R_8_Th_4_Nb_2_Th2_Len_4_Loc_325_Ox_2,0.4,0.8,0.4,3.25,0.4,0.2,0.2,252.148,0.9744,96.4,-0.0009744,1.72e-07,-7.52e-08,-8.91e-09,-9.64e-08,-2.832
L_4_R_8_Th_4_Nb_2_Th4_Len_4_Loc_325_Ox_2,0.4,0.8,0.4,3.25,0.4,0.4,0.2,167.188,1.774,95.2,-0.001774,1.7e-07,-7.45e-08,-9.53e-09,-9.52e-08,-2.829
L_4_R_8_Th_4_Nb_2_Th6_Len_4_Loc_325_Ox_2,0.4,0.8,0.4,3.25,0.4,0.6,0.2,229.268,1.582,91.2,-0.001582,1.61e-07,-6.97e-08,-1.19e-08,-9.12e-08,-2.803
L_4_R_8_Th_6_Nb_2_Th2_Len_4_Loc_295_Ox_1,0.4,0.8,0.6,2.95,0.4,0.2,0.1,207.988,1.426,95.6,-0.001426,1.75e-07,-7.91e-08,-1.26e-08,-9.56e-08,-2.838
L_4_R_8_Th_6_Nb_2_Th4_Len_4_Loc_295_Ox_1,0.4,0.8,0.6,2.95,0.4,0.4,0.1,223.668,0.99,97.5,-0.00099,1.8e-07,-8.2e-08,-1.06e-08,-9.75e-08,-2.854
L_4_R_8_Th_6_Nb_2_Th6_Len_4_Loc_295_Ox_1,0.4,0.8,0.6,2.95,0.4,0.6,0.1,222.068,0.9875,96.2,-0.0009875,1.77e-07,-8.02e-08,-1.18e-08,-9.62e-08,-2.844
L_4_R_8_Th_6_Nb_2_Th2_Len_4_Loc_325_Ox_1,0.4,0.8,0.6,3.25,0.4,0.2,0.1,140.308,1.865,96.8,-0.001865,1.73e-07,-7.65e-08,-1.63e-08,-9.68e-08,-2.838
L_4_R_6_Th_4_Nb_2_Th2_Len_8_Loc_265_Ox_1,0.4,0.6,0.4,2.65,0.8,0.2,0.1,204.948,1.784,86.0,-0.001784,1.71e-07,-8.53e-08,-1.85e-08,-8.6e-08,-2.854
L_4_R_6_Th_4_Nb_2_Th6_Len_8_Loc_265_Ox_1,0.4,0.6,0.4,2.65,0.8,0.6,0.1,146.068,3.271,84.9,-0.003271,1.71e-07,-8.57e-08,-1.98e-08,-8.49e-08,-2.845
L_4_R_8_Th_6_Nb_2_Th2_Len_4_Loc_295_Ox_2,0.4,0.8,0.6,2.95,0.4,0.2,0.2,164.548,2.699,94.6,-0.002699,1.7e-07,-7.55e-08,-7.31e-09,-9.46e-08,-2.829
L_4_R_8_Th_6_Nb_2_Th4_Len_4_Loc_295_Ox_2,0.4,0.8,0.6,2.95,0.4,0.4,0.2,216.948,1.774,95.1,-0.001774,1.71e-07,-7.62e-08,-6.96e-09,-9.51e-08,-2.832
L_4_R_8_Th_6_Nb_2_Th6_Len_4_Loc_295_Ox_2,0.4,0.8,0.6,2.95,0.4,0.6,0.2,238.708,1.478,97.1,-0.001478,1.75e-07,-7.81e-08,-5.61e-09,-9.71e-08,-2.843
L_4_R_8_Th_6_Nb_2_Th2_Len_4_Loc_325_Ox_2,0.4,0.8,0.6,3.25,0.4,0.2,0.2,148.708,2.702,95.3,-0.002702,1.7e-07,-7.45e-08,-9.5e-09,-9.53e-08,-2.829
L_4_R_8_Th_6_Nb_2_Th4_Len_4_Loc_325_Ox_2,0.4,0.8,0.6,3.25,0.4,0.4,0.2,167.668,1.84,95.8,-0.00184,1.71e-07,-7.52e-08,-9.14e-09,-9.58e-08,-2.832
L_4_R_8_Th_6_Nb_2_Th6_Len_4_Loc_325_Ox_2,0.4,0.8,0.6,3.25,0.4,0.6,0.2,212.628,1.923,97.8,-0.001923,1.75e-07,-7.71e-08,-7.79e-09,-9.78e-08,-2.843
L_4_R_12_Th_2_Nb_2_Th2_Len_4_Loc_325_Ox_1,0.4,1.2,0.2,3.25,0.4,0.2,0.1,180.628,1.2,118.0,-0.0012,1.99e-07,-8.08e-08,-1.4e-08,-1.18e-07,-2.839
L_4_R_12_Th_2_Nb_2_Th4_Len_4_Loc_325_Ox_1,0.4,1.2,0.2,3.25,0.4,0.4,0.1,178.388,1.057,116.0,-0.001057,1.97e-07,-8.02e-08,-1.51e-08,-1.16e-07,-2.834
L_4_R_12_Th_2_Nb_2_Th6_Len_4_Loc_325_Ox_1,0.4,1.2,0.2,3.25,0.4,0.6,0.1,178.068,0.9648,113.0,-0.0009648,1.89e-07,-7.6e-08,-1.76e-08,-1.13e-07,-2.81
L_4_R_12_Th_2_Nb_2_Th2_Len_4_Loc_325_Ox_2,0.4,1.2,0.2,3.25,0.4,0.2,0.2,201.508,1.154,119.0,-0.001154,2.01e-07,-8.11e-08,-5.35e-09,-1.19e-07,-2.851
L_4_R_12_Th_2_Nb_2_Th4_Len_4_Loc_325_Ox_2,0.4,1.2,0.2,3.25,0.4,0.4,0.2,206.548,1.156,118.0,-0.001156,1.95e-07,-7.75e-08,-7.56e-09,-1.18e-07,-2.832
L_4_R_12_Th_2_Nb_2_Th6_Len_4_Loc_325_Ox_2,0.4,1.2,0.2,3.25,0.4,0.6,0.2,206.148,1.017,116.0,-0.001017,1.93e-07,-7.68e-08,-8.14e-09,-1.16e-07,-2.829
L_4_R_12_Th_4_Nb_2_Th2_Len_4_Loc_325_Ox_1,0.4,1.2,0.4,3.25,0.4,0.2,0.1,176.788,0.8952,112.0,-0.0008952,1.89e-07,-7.65e-08,-1.76e-08,-1.12e-07,-2.807
L_4_R_12_Th_4_Nb_2_Th4_Len_4_Loc_325_Ox_1,0.4,1.2,0.4,3.25,0.4,0.4,0.1,177.908,1.118,117.0,-0.001118,2.02e-07,-8.46e-08,-1.45e-08,-1.17e-07,-2.838
L_4_R_12_Th_4_Nb_2_Th6_Len_4_Loc_325_Ox_1,0.4,1.2,0.4,3.25,0.4,0.6,0.1,179.428,1.068,119.0,-0.001068,2.07e-07,-8.78e-08,-1.24e-08,-1.19e-07,-2.854
L_4_R_12_Th_4_Nb_2_Th2_Len_4_Loc_325_Ox_2,0.4,1.2,0.4,3.25,0.4,0.2,0.2,207.108,1.156,118.0,-0.001156,1.97e-07,-7.91e-08,-7.57e-09,-1.18e-07,-2.833
L_4_R_12_Th_4_Nb_2_Th4_Len_4_Loc_325_Ox_2,0.4,1.2,0.4,3.25,0.4,0.4,0.2,203.268,0.9503,116.0,-0.0009503,1.95e-07,-7.84e-08,-8.15e-09,-1.16e-07,-2.829
L_4_R_12_Th_4_Nb_2_Th6_Len_4_Loc_325_Ox_2,0.4,1.2,0.4,3.25,0.4,0.6,0.2,211.188,0.9671,112.0,-0.0009671,1.86e-07,-7.36e-08,-1.06e-08,-1.12e-07,-2.804
L_4_R_12_Th_6_Nb_2_Th2_Len_4_Loc_325_Ox_1,0.4,1.2,0.6,3.25,0.4,0.2,0.1,180.787,1.179,117.0,-0.001179,2e-07,-8.32e-08,-1.43e-08,-1.17e-07,-2.838
L_4_R_12_Th_6_Nb_2_Th4_Len_4_Loc_325_Ox_1,0.4,1.2,0.6,3.25,0.4,0.4,0.1,177.108,1.219,119.0,-0.001219,2.08e-07,-8.92e-08,-1.24e-08,-1.19e-07,-2.854
L_4_R_12_Th_6_Nb_2_Th6_Len_4_Loc_325_Ox_1,0.4,1.2,0.6,3.25,0.4,0.6,0.1,179.508,1.131,118.0,-0.001131,2.07e-07,-8.92e-08,-1.37e-08,-1.18e-07,-2.844
L_4_R_12_Th_6_Nb_2_Th2_Len_4_Loc_325_Ox_2,0.4,1.2,0.6,3.25,0.4,0.2,0.2,180.068,0.8792,116.0,-0.0008792,1.95e-07,-7.85e-08,-8.12e-09,-1.16e-07,-2.829
L_4_R_12_Th_6_Nb_2_Th4_Len_4_Loc_325_Ox_2,0.4,1.2,0.6,3.25,0.4,0.4,0.2,208.628,1.062,117.0,-0.001062,1.96e-07,-7.92e-08,-7.77e-09,-1.17e-07,-2.832
L_4_R_12_Th_6_Nb_2_Th6_Len_4_Loc_325_Ox_2,0.4,1.2,0.6,3.25,0.4,0.6,0.2,210.228,1.004,114.0,-0.001004,1.9e-07,-7.58e-08,-9.71e-09,-1.14e-07,-2.814
L_4_R_6_Th_2_Nb_2_Th2_Len_4_Loc_265_Ox_2,0.4,0.6,0.2,2.65,0.4,0.2,0.2,178.548,2.615,78.4,-0.002615,1.5e-07,-7.14e-08,-9.44e-09,-7.84e-08,-2.801
L_4_R_6_Th_2_Nb_2_Th4_Len_4_Loc_265_Ox_2,0.4,0.6,0.2,2.65,0.4,0.4,0.2,278.388,1.355,79.0,-0.001355,1.51e-07,-7.18e-08,-9.24e-09,-7.9e-08,-2.804
L_4_R_6_Th_2_Nb_2_Th2_Len_4_Loc_295_Ox_2,0.4,0.6,0.2,2.95,0.4,0.2,0.2,170.708,2.615,79.5,-0.002615,1.49e-07,-6.91e-08,-1.05e-08,-7.95e-08,-2.801
L_4_R_6_Th_2_Nb_2_Th4_Len_4_Loc_295_Ox_2,0.4,0.6,0.2,2.95,0.4,0.4,0.2,273.588,1.354,80.0,-0.001354,1.5e-07,-6.96e-08,-1.03e-08,-8e-08,-2.804
L_4_R_6_Th_2_Nb_2_Th2_Len_4_Loc_325_Ox_2,0.4,0.6,0.2,3.25,0.4,0.2,0.2,151.348,2.222,79.8,-0.002222,1.49e-07,-6.89e-08,-1.22e-08,-7.98e-08,-2.801
L_4_R_6_Th_2_Nb_2_Th4_Len_4_Loc_325_Ox_2,0.4,0.6,0.2,3.25,0.4,0.4,0.2,251.508,1.488,84.9,-0.001488,1.6e-07,-7.46e-08,-9.43e-09,-8.49e-08,-2.832
L_4_R_6_Th_2_Nb_2_Th6_Len_4_Loc_325_Ox_2,0.4,0.6,0.2,3.25,0.4,0.6,0.2,245.588,1.552,87.0,-0.001552,1.64e-07,-7.65e-08,-8.08e-09,-8.7e-08,-2.843
L_4_R_6_Th_2_Nb_2_Th2_Len_8_Loc_265_Ox_1,0.4,0.6,0.2,2.65,0.8,0.2,0.1,206.868,1.567,83.9,-0.001567,1.65e-07,-8.07e-08,-2.06e-08,-8.39e-08,-2.838
L_4_R_6_Th_2_Nb_2_Th4_Len_8_Loc_265_Ox_1,0.4,0.6,0.2,2.65,0.8,0.4,0.1,205.748,1.391,81.5,-0.001391,1.6e-07,-7.83e-08,-2.23e-08,-8.15e-08,-2.824
L_4_R_6_Th_2_Nb_2_Th6_Len_8_Loc_265_Ox_1,0.4,0.6,0.2,2.65,0.8,0.6,0.1,203.668,1.683,84.7,-0.001683,1.67e-07,-8.21e-08,-1.98e-08,-8.47e-08,-2.844
L_4_R_6_Th_2_Nb_2_Th2_Len_8_Loc_265_Ox_2,0.4,0.6,0.2,2.65,0.8,0.2,0.2,178.068,2.614,78.4,-0.002614,1.5e-07,-7.14e-08,-1.47e-08,-7.84e-08,-2.801
L_4_R_6_Th_2_Nb_2_Th4_Len_8_Loc_265_Ox_2,0.4,0.6,0.2,2.65,0.8,0.4,0.2,278.868,1.355,79.0,-0.001355,1.51e-07,-7.18e-08,-1.45e-08,-7.9e-08,-2.804
L_4_R_6_Th_2_Nb_2_Th6_Len_8_Loc_265_Ox_2,0.4,0.6,0.2,2.65,0.8,0.6,0.2,266.828,1.688,85.6,-0.001688,1.65e-07,-7.91e-08,-1.05e-08,-8.56e-08,-2.843
L_4_R_6_Th_4_Nb_2_Th2_Len_4_Loc_265_Ox_1,0.4,0.6,0.4,2.65,0.4,0.2,0.1,258.868,1.395,81.5,-0.001395,1.61e-07,-7.97e-08,-1.34e-08,-8.15e-08,-2.824
L_4_R_6_Th_4_Nb_2_Th4_Len_4_Loc_265_Ox_1,0.4,0.6,0.4,2.65,0.4,0.4,0.1,255.188,1.637,84.7,-0.001637,1.7e-07,-8.53e-08,-1.11e-08,-8.47e-08,-2.845
L_4_R_6_Th_4_Nb_2_Th6_Len_4_Loc_265_Ox_1,0.4,0.6,0.4,2.65,0.4,0.6,0.1,170.388,3.272,84.9,-0.003272,1.71e-07,-8.57e-08,-1.1e-08,-8.49e-08,-2.845
L_4_R_6_Th_4_Nb_2_Th2_Len_4_Loc_295_Ox_1,0.4,0.6,0.4,2.95,0.4,0.2,0.1,224.448,1.439,83.2,-0.001439,1.57e-07,-7.38e-08,-1.52e-08,-8.32e-08,-2.824
L_4_R_6_Th_4_Nb_2_Th4_Len_4_Loc_295_Ox_1,0.4,0.6,0.4,2.95,0.4,0.4,0.1,223.748,1.47,86.3,-0.00147,1.64e-07,-7.77e-08,-1.28e-08,-8.63e-08,-2.845
L_4_R_6_Th_4_Nb_2_Th6_Len_4_Loc_295_Ox_1,0.4,0.6,0.4,2.95,0.4,0.6,0.1,153.508,3.283,86.6,-0.003283,1.64e-07,-7.78e-08,-1.28e-08,-8.66e-08,-2.845
L_4_R_6_Th_4_Nb_2_Th6_Len_4_Loc_325_Ox_1,0.4,0.6,0.4,3.25,0.4,0.6,0.1,128.948,3.936,87.0,-0.003936,1.64e-07,-7.72e-08,-1.61e-08,-8.7e-08,-2.845
L_4_R_6_Th_4_Nb_2_Th2_Len_4_Loc_265_Ox_2,0.4,0.6,0.4,2.65,0.4,0.2,0.2,275.668,1.297,79.0,-0.001297,1.53e-07,-7.34e-08,-9.26e-09,-7.9e-08,-2.804
L_4_R_6_Th_4_Nb_2_Th4_Len_4_Loc_265_Ox_2,0.4,0.6,0.4,2.65,0.4,0.4,0.2,265.908,1.682,85.7,-0.001682,1.66e-07,-8.06e-08,-5.29e-09,-8.57e-08,-2.843
L_4_R_6_Th_4_Nb_2_Th6_Len_4_Loc_265_Ox_2,0.4,0.6,0.4,2.65,0.4,0.6,0.2,215.188,1.727,83.3,-0.001727,1.62e-07,-7.83e-08,-6.82e-09,-8.33e-08,-2.83
L_4_R_6_Th_4_Nb_2_Th2_Len_4_Loc_295_Ox_2,0.4,0.6,0.4,2.95,0.4,0.2,0.2,270.068,1.461,80.2,-0.001461,1.5e-07,-6.98e-08,-1.02e-08,-8.02e-08,-2.804
L_4_R_6_Th_4_Nb_2_Th4_Len_4_Loc_295_Ox_2,0.4,0.6,0.4,2.95,0.4,0.4,0.2,260.948,1.685,86.9,-0.001685,1.64e-07,-7.7e-08,-6.28e-09,-8.69e-08,-2.843
L_4_R_6_Th_4_Nb_2_Th6_Len_4_Loc_295_Ox_2,0.4,0.6,0.4,2.95,0.4,0.6,0.2,216.628,1.722,84.5,-0.001722,1.59e-07,-7.47e-08,-7.79e-09,-8.45e-08,-2.83
L_4_R_6_Th_4_Nb_2_Th2_Len_4_Loc_325_Ox_2,0.4,0.6,0.4,3.25,0.4,0.2,0.2,249.428,1.297,80.5,-0.001297,1.5e-07,-6.95e-08,-1.2e-08,-8.05e-08,-2.804
L_4_R_6_Th_4_Nb_2_Th4_Len_4_Loc_325_Ox_2,0.4,0.6,0.4,3.25,0.4,0.4,0.2,243.988,1.686,87.1,-0.001686,1.64e-07,-7.67e-08,-8.08e-09,-8.71e-08,-2.843
L_4_R_6_Th_4_Nb_2_Th6_Len_4_Loc_325_Ox_2,0.4,0.6,0.4,3.25,0.4,0.6,0.2,213.668,1.568,84.8,-0.001568,1.59e-07,-7.44e-08,-9.58e-09,-8.48e-08,-2.83
L_4_R_6_Th_4_Nb_2_Th4_Len_8_Loc_265_Ox_1,0.4,0.6,0.4,2.65,0.8,0.4,0.1,204.948,1.638,84.7,-0.001638,1.7e-07,-8.54e-08,-1.98e-08,-8.47e-08,-2.845
L_4_R_6_Th_4_Nb_2_Th2_Len_8_Loc_265_Ox_2,0.4,0.6,0.4,2.65,0.8,0.2,0.2,271.188,1.296,79.0,-0.001296,1.53e-07,-7.34e-08,-1.46e-08,-7.9e-08,-2.804
L_4_R_6_Th_4_Nb_2_Th4_Len_8_Loc_265_Ox_2,0.4,0.6,0.4,2.65,0.8,0.4,0.2,266.708,1.681,85.7,-0.001681,1.66e-07,-8.06e-08,-1.05e-08,-8.57e-08,-2.843
L_4_R_6_Th_4_Nb_2_Th6_Len_8_Loc_265_Ox_2,0.4,0.6,0.4,2.65,0.8,0.6,0.2,218.708,1.726,83.3,-0.001726,1.62e-07,-7.83e-08,-1.21e-08,-8.33e-08,-2.83
L_4_R_6_Th_6_Nb_2_Th2_Len_4_Loc_265_Ox_1,0.4,0.6,0.6,2.65,0.4,0.2,0.1,253.908,1.673,84.7,-0.001673,1.69e-07,-8.38e-08,-1.11e-08,-8.47e-08,-2.844
L_4_R_6_Th_6_Nb_2_Th4_Len_4_Loc_265_Ox_1,0.4,0.6,0.6,2.65,0.4,0.4,0.1,171.188,3.373,80.4,-0.003373,1.62e-07,-8.18e-08,-1.42e-08,-8.04e-08,-2.816
L_4_R_6_Th_6_Nb_2_Th6_Len_4_Loc_265_Ox_1,0.4,0.6,0.6,2.65,0.4,0.6,0.1,258.548,1.396,80.8,-0.001396,1.65e-07,-8.38e-08,-1.39e-08,-8.08e-08,-2.82
L_4_R_6_Th_6_Nb_2_Th2_Len_4_Loc_295_Ox_1,0.4,0.6,0.6,2.95,0.4,0.2,0.1,223.748,1.508,86.3,-0.001508,1.64e-07,-7.77e-08,-1.28e-08,-8.63e-08,-2.844
L_4_R_6_Th_6_Nb_2_Th4_Len_4_Loc_295_Ox_1,0.4,0.6,0.6,2.95,0.4,0.4,0.1,155.348,3.279,82.1,-0.003279,1.55e-07,-7.24e-08,-1.6e-08,-8.21e-08,-2.816
L_4_R_6_Th_6_Nb_2_Th6_Len_4_Loc_295_Ox_1,0.4,0.6,0.6,2.95,0.4,0.6,0.1,221.668,1.566,87.2,-0.001566,1.66e-07,-7.83e-08,-1.21e-08,-8.72e-08,-2.85
L_4_R_6_Th_6_Nb_2_Th4_Len_4_Loc_325_Ox_1,0.4,0.6,0.6,3.25,0.4,0.4,0.1,130.228,3.404,82.6,-0.003404,1.55e-07,-7.19e-08,-1.93e-08,-8.26e-08,-2.816
L_4_R_6_Th_6_Nb_2_Th2_Len_4_Loc_265_Ox_2,0.4,0.6,0.6,2.65,0.4,0.2,0.2,267.988,1.582,81.0,-0.001582,1.56e-07,-7.53e-08,-8.37e-09,-8.1e-08,-2.814
L_4_R_6_Th_6_Nb_2_Th4_Len_4_Loc_265_Ox_2,0.4,0.6,0.6,2.65,0.4,0.4,0.2,221.668,1.585,83.4,-0.001585,1.62e-07,-7.84e-08,-6.78e-09,-8.34e-08,-2.831
L_4_R_6_Th_6_Nb_2_Th6_Len_4_Loc_265_Ox_2,0.4,0.6,0.6,2.65,0.4,0.6,0.2,263.998,1.762,86.8,-0.001762,1.7e-07,-8.29e-08,-3.85e-09,-8.68e-08,-2.856
L_4_R_6_Th_6_Nb_2_Th2_Len_4_Loc_295_Ox_2,0.4,0.6,0.6,2.95,0.4,0.2,0.2,263.508,1.583,82.2,-0.001583,1.54e-07,-7.16e-08,-9.38e-09,-8.22e-08,-2.814
L_4_R_6_Th_6_Nb_2_Th4_Len_4_Loc_295_Ox_2,0.4,0.6,0.6,2.95,0.4,0.4,0.2,227.508,1.396,79.9,-0.001396,1.49e-07,-6.94e-08,-1.04e-08,-7.99e-08,-2.802
L_4_R_6_Th_6_Nb_2_Th6_Len_4_Loc_295_Ox_2,0.4,0.6,0.6,2.95,0.4,0.6,0.2,256.308,1.93,88.0,-0.00193,1.67e-07,-7.92e-08,-4.86e-09,-8.8e-08,-2.856
L_4_R_6_Th_6_Nb_2_Th2_Len_4_Loc_325_Ox_2,0.4,0.6,0.6,3.25,0.4,0.2,0.2,246.708,1.382,82.5,-0.001382,1.54e-07,-7.13e-08,-1.11e-08,-8.25e-08,-2.814
L_4_R_6_Th_6_Nb_2_Th4_Len_4_Loc_325_Ox_2,0.4,0.6,0.6,3.25,0.4,0.4,0.2,215.828,1.392,80.1,-0.001392,1.49e-07,-6.91e-08,-1.22e-08,-8.01e-08,-2.802
L_4_R_6_Th_6_Nb_2_Th6_Len_4_Loc_325_Ox_2,0.4,0.6,0.6,3.25,0.4,0.6,0.2,243.108,1.763,88.3,-0.001763,1.67e-07,-7.89e-08,-6.62e-09,-8.83e-08,-2.856
L_4_R_6_Th_6_Nb_2_Th2_Len_8_Loc_265_Ox_1,0.4,0.6,0.6,2.65,0.8,0.2,0.1,205.748,1.499,84.7,-0.001499,1.69e-07,-8.38e-08,-1.98e-08,-8.47e-08,-2.844
L_4_R_6_Th_6_Nb_2_Th4_Len_8_Loc_265_Ox_1,0.4,0.6,0.6,2.65,0.8,0.4,0.1,147.028,3.271,80.4,-0.003271,1.62e-07,-8.18e-08,-2.3e-08,-8.04e-08,-2.816
L_4_R_6_Th_6_Nb_2_Th6_Len_8_Loc_265_Ox_1,0.4,0.6,0.6,2.65,0.8,0.6,0.1,206.708,1.558,85.6,-0.001558,1.75e-07,-8.94e-08,-1.91e-08,-8.56e-08,-2.85
L_4_R_6_Th_6_Nb_2_Th2_Len_8_Loc_265_Ox_2,0.4,0.6,0.6,2.65,0.8,0.2,0.2,267.668,1.582,81.0,-0.001582,1.56e-07,-7.53e-08,-1.37e-08,-8.1e-08,-2.814
L_4_R_6_Th_6_Nb_2_Th4_Len_8_Loc_265_Ox_2,0.4,0.6,0.6,2.65,0.8,0.4,0.2,221.588,1.585,83.3,-0.001585,1.62e-07,-7.84e-08,-1.2e-08,-8.33e-08,-2.831
